Type,Date,Part of a policing operation,Policing operation,Latitude,Longitude,Gender,Age range,Self-defined ethnicity,Officer-defined ethnicity,Legislation,Object of search,Outcome,Outcome linked to object of search,Removal of more than just outer clothing
Person search,2016-05-01T00:54:57+00:00,,,51.383392,-2.360554,Male,18-24,White - White British (W1),White,Misuse of Drugs Act 1971 (section 23),Controlled drugs,Local resolution,,
Person search,2016-05-01T01:37:10+00:00,,,51.383392,-2.360554,Male,over 34,,,Misuse of Drugs Act 1971 (section 23),Controlled drugs,Nothing found - no further action,,
Person search,2016-05-01T01:37:10+00:00,,,51.383392,-2.360554,Male,25-34,White - Any other White ethnic background (W9),White,Misuse of Drugs Act 1971 (section 23),Controlled drugs,Nothing found - no further action,,
Person search,2016-05-01T04:17:33+00:00,,,51.348069,-2.981204,Male,18-24,Not Stated (NS),White,Misuse of Drugs Act 1971 (section 23),Controlled drugs,Nothing found - no further action,,
Person search,2016-05-01T05:48:01+00:00,,,51.450905,-2.604421,Male,18-24,Not Stated (NS),Other,Police and Criminal Evidence Act 1984 (section 1),Offensive weapons,Nothing found - no further action,,
Person search,2016-05-01T08:48:31+00:00,,,51.461137,-2.577668,Female,over 34,Black or Black British - Any other Black ethnic background (B9),Black,Misuse of Drugs Act 1971 (section 23),Controlled drugs,Nothing found - no further action,,
Person search,2016-05-01T10:14:12+00:00,,,51.356480,-2.934551,,over 34,White - White British (W1),White,Misuse of Drugs Act 1971 (section 23),Controlled drugs,Nothing found - no further action,,
Person search,2016-05-01T10:40:49+00:00,,,51.350452,-2.980078,Male,25-34,White - White British (W1),White,Misuse of Drugs Act 1971 (section 23),Controlled drugs,Nothing found - no further action,,
Person search,2016-05-01T10:54:08+00:00,,,51.347261,-2.980024,Male,18-24,White - Any other White ethnic background (W9),White,Misuse of Drugs Act 1971 (section 23),Controlled drugs,Nothing found - no further action,,
Person search,2016-05-01T11:02:57+00:00,,,51.341022,-2.980925,Male,18-24,White - White British (W1),White,Misuse of Drugs Act 1971 (section 23),Controlled drugs,Nothing found - no further action,,
Person search,2016-05-01T11:19:28+00:00,,,51.348069,-2.981204,Male,over 34,White - White British (W1),White,Misuse of Drugs Act 1971 (section 23),Controlled drugs,Nothing found - no further action,,
Person search,2016-05-01T11:28:40+00:00,,,51.348069,-2.981204,Male,over 34,White - White British (W1),White,Misuse of Drugs Act 1971 (section 23),Controlled drugs,Nothing found - no further action,,
Person search,2016-05-01T12:10:22+00:00,,,51.525158,-2.595371,Male,25-34,,,Police and Criminal Evidence Act 1984 (section 1),Offensive weapons,Suspect summonsed to court,,
Person search,2016-05-01T12:15:19+00:00,,,51.347261,-2.980024,Male,18-24,White - White British (W1),White,Misuse of Drugs Act 1971 (section 23),Controlled drugs,Offender given drugs possession warning,,
Person search,2016-05-01T12:27:00+00:00,,,51.356480,-2.934551,,,White - White British (W1),White,Misuse of Drugs Act 1971 (section 23),Controlled drugs,Article found - Detailed outcome unavailable,,
Person search,2016-05-01T12:27:00+00:00,,,51.356480,-2.934551,Male,10-17,White - White British (W1),White,Misuse of Drugs Act 1971 (section 23),Controlled drugs,Nothing found - no further action,,
Person search,2016-05-01T13:14:13+00:00,,,51.348069,-2.981204,Male,25-34,White - White British (W1),White,Misuse of Drugs Act 1971 (section 23),Controlled drugs,Nothing found - no further action,,
Person search,2016-05-01T13:25:30+00:00,,,51.348069,-2.981204,Male,18-24,White - White British (W1),White,Misuse of Drugs Act 1971 (section 23),Controlled drugs,Nothing found - no further action,,
Person search,2016-05-01T13:33:54+00:00,,,51.347261,-2.980024,Female,over 34,White - White British (W1),White,Misuse of Drugs Act 1971 (section 23),Controlled drugs,Nothing found - no further action,,
Person search,2016-05-01T13:33:54+00:00,,,51.347261,-2.980024,Female,over 34,White - White British (W1),White,Misuse of Drugs Act 1971 (section 23),Controlled drugs,Nothing found - no further action,,
Person search,2016-05-01T13:39:32+00:00,,,51.348069,-2.981204,Male,18-24,White - White British (W1),White,Misuse of Drugs Act 1971 (section 23),Controlled drugs,Nothing found - no further action,,
Person search,2016-05-01T13:48:43+00:00,,,51.348069,-2.981204,Male,over 34,White - White British (W1),White,Misuse of Drugs Act 1971 (section 23),Controlled drugs,Nothing found - no further action,,
Person search,2016-05-01T13:58:41+00:00,,,50.945259,-2.625907,Male,25-34,,,Misuse of Drugs Act 1971 (section 23),Controlled drugs,Nothing found - no further action,,
Person search,2016-05-01T13:58:41+00:00,,,50.945259,-2.625907,Male,18-24,,,Misuse of Drugs Act 1971 (section 23),Controlled drugs,Suspect arrested,,
Person search,2016-05-01T14:02:59+00:00,,,51.348069,-2.981204,Male,18-24,White - White British (W1),White,Misuse of Drugs Act 1971 (section 23),Controlled drugs,Nothing found - no further action,,
Person search,2016-05-01T14:12:34+00:00,,,51.348069,-2.981204,Male,18-24,Black or Black British - Any other Black ethnic background (B9),White,Misuse of Drugs Act 1971 (section 23),Controlled drugs,Nothing found - no further action,,
Person search,2016-05-01T14:22:52+00:00,,,51.348069,-2.981204,Male,10-17,White - White British (W1),White,Misuse of Drugs Act 1971 (section 23),Controlled drugs,Nothing found - no further action,,
Person search,2016-05-01T16:45:04+00:00,,,51.391517,-2.389722,Male,10-17,Not Stated (NS),White,Misuse of Drugs Act 1971 (section 23),Controlled drugs,Nothing found - no further action,,
Person search,2016-05-01T20:36:03+00:00,,,51.337040,-2.957957,Male,10-17,White - White British (W1),White,Police and Criminal Evidence Act 1984 (section 1),Stolen goods,Nothing found - no further action,,
Person search,2016-05-01T20:36:03+00:00,,,51.337040,-2.957957,Male,10-17,White - White British (W1),White,Police and Criminal Evidence Act 1984 (section 1),Stolen goods,Nothing found - no further action,,
Person search,2016-05-01T20:36:03+00:00,,,51.337040,-2.957957,Male,10-17,White - White British (W1),White,Police and Criminal Evidence Act 1984 (section 1),Stolen goods,Nothing found - no further action,,
Person search,2016-05-01T20:36:03+00:00,,,51.337040,-2.957957,,10-17,White - White British (W1),White,Police and Criminal Evidence Act 1984 (section 1),Stolen goods,Nothing found - no further action,,
Person search,2016-05-01T21:26:50+00:00,,,51.547850,-2.439210,Male,18-24,,,Misuse of Drugs Act 1971 (section 23),Controlled drugs,Offender given drugs possession warning,,
Person search,2016-05-02T00:59:48+00:00,,,51.397145,-2.450341,Male,25-34,White - White British (W1),White,Misuse of Drugs Act 1971 (section 23),Controlled drugs,Offender given penalty notice,,
Person search,2016-05-02T00:59:48+00:00,,,51.397145,-2.450341,Male,25-34,White - White British (W1),White,Misuse of Drugs Act 1971 (section 23),Controlled drugs,Offender given penalty notice,,
Person search,2016-05-02T13:40:04+00:00,,,51.356480,-2.934551,Male,18-24,Not Stated (NS),White,Police and Criminal Evidence Act 1984 (section 1),Offensive weapons,Nothing found - no further action,,
Person search,2016-05-02T16:39:49+00:00,,,51.362532,-2.921000,Male,18-24,White - White British (W1),White,Police and Criminal Evidence Act 1984 (section 1),Stolen goods,Nothing found - no further action,,
Person search,2016-05-02T16:44:00+00:00,,,51.227216,-2.319692,Male,25-34,Not Stated (NS),White,Police and Criminal Evidence Act 1984 (section 1),Stolen goods,Nothing found - no further action,,
Person search,2016-05-02T17:02:37+00:00,,,51.346297,-2.980161,Male,25-34,White - White British (W1),White,Misuse of Drugs Act 1971 (section 23),Controlled drugs,Nothing found - no further action,,
Person search,2016-05-02T21:50:05+00:00,,,50.956343,-2.604429,Male,over 34,White - White British (W1),White,Misuse of Drugs Act 1971 (section 23),Controlled drugs,Nothing found - no further action,,
Person search,2016-05-02T22:12:16+00:00,,,51.414581,-2.621096,Male,25-34,White - White British (W1),White,Misuse of Drugs Act 1971 (section 23),Offensive weapons,Nothing found - no further action,,
Person search,2016-05-02T22:12:16+00:00,,,51.414581,-2.621096,Male,10-17,White - White British (W1),White,Misuse of Drugs Act 1971 (section 23),Controlled drugs,Nothing found - no further action,,
Person search,2016-05-03T02:52:40+00:00,,,50.944792,-2.645643,Male,25-34,,,Misuse of Drugs Act 1971 (section 23),Controlled drugs,Nothing found - no further action,,
Person search,2016-05-03T03:17:24+00:00,,,50.944792,-2.645643,Female,25-34,White - White British (W1),White,Misuse of Drugs Act 1971 (section 23),Controlled drugs,Nothing found - no further action,,
Person search,2016-05-03T03:17:24+00:00,,,50.944792,-2.645643,Male,,Black or Black British - Any other Black ethnic background (B9),Black,Misuse of Drugs Act 1971 (section 23),Controlled drugs,Nothing found - no further action,,
Person search,2016-05-03T03:36:45+00:00,,,51.431364,-2.845885,Male,over 34,Not Stated (NS),Other,Misuse of Drugs Act 1971 (section 23),Controlled drugs,Local resolution,,
Person search,2016-05-03T03:36:45+00:00,,,51.431364,-2.845885,Male,18-24,,,Misuse of Drugs Act 1971 (section 23),Controlled drugs,Nothing found - no further action,,
Person search,2016-05-03T07:56:02+00:00,,,51.477775,-2.517314,Male,over 34,Black or Black British - Caribbean (B1),Black,Misuse of Drugs Act 1971 (section 23),Controlled drugs,Nothing found - no further action,,
Person search,2016-05-03T07:56:02+00:00,,,51.477775,-2.517314,Female,over 34,White - White British (W1),White,Misuse of Drugs Act 1971 (section 23),Controlled drugs,Nothing found - no further action,,
Person search,2016-05-03T08:24:39+00:00,,,51.013528,-3.077434,Male,18-24,White - White British (W1),White,Misuse of Drugs Act 1971 (section 23),Controlled drugs,Nothing found - no further action,,
Person search,2016-05-03T10:06:33+00:00,,,51.480139,-2.591487,Male,25-34,Not Stated (NS),Other,Misuse of Drugs Act 1971 (section 23),Controlled drugs,Suspect arrested,,
Person search,2016-05-03T11:41:43+00:00,,,51.464887,-2.557231,Male,over 34,White - White British (W1),White,Misuse of Drugs Act 1971 (section 23),Controlled drugs,Local resolution,,
Person search,2016-05-03T12:30:29+00:00,,,51.462451,-2.611051,Male,25-34,White - White British (W1),White,Misuse of Drugs Act 1971 (section 23),Controlled drugs,Nothing found - no further action,,
Person search,2016-05-03T18:39:00+00:00,,,50.956343,-2.604429,Male,25-34,White - White British (W1),White,Misuse of Drugs Act 1971 (section 23),Controlled drugs,Nothing found - no further action,,
Person search,2016-05-03T18:39:00+00:00,,,50.956343,-2.604429,Male,25-34,White - White British (W1),White,Misuse of Drugs Act 1971 (section 23),Controlled drugs,Suspect arrested,,
Person search,2016-05-03T19:08:55+00:00,,,51.127101,-2.990146,Male,18-24,White - White British (W1),White,Police and Criminal Evidence Act 1984 (section 1),Offensive weapons,Nothing found - no further action,,
Person search,2016-05-03T19:08:55+00:00,,,51.127101,-2.990146,Male,25-34,White - White British (W1),White,Police and Criminal Evidence Act 1984 (section 1),Offensive weapons,Nothing found - no further action,,
Person search,2016-05-03T20:57:44+00:00,,,51.476669,-2.496567,Male,over 34,Black or Black British - African (B2),Black,Misuse of Drugs Act 1971 (section 23),Controlled drugs,Nothing found - no further action,,
Person search,2016-05-03T21:01:22+00:00,,,,,Male,18-24,Black or Black British - Any other Black ethnic background (B9),Black,Misuse of Drugs Act 1971 (section 23),Controlled drugs,Nothing found - no further action,,
Person search,2016-05-03T21:53:32+00:00,,,51.381408,-2.374146,Male,over 34,White - White British (W1),White,Misuse of Drugs Act 1971 (section 23),Controlled drugs,Nothing found - no further action,,
Person search,2016-05-04T00:24:34+00:00,,,51.523041,-2.559699,,18-24,White - White British (W1),White,Misuse of Drugs Act 1971 (section 23),Controlled drugs,Offender given drugs possession warning,,
Person search,2016-05-04T00:56:41+00:00,,,51.277473,-2.787055,Male,over 34,White - White Irish (W2),White,Misuse of Drugs Act 1971 (section 23),Controlled drugs,Offender given drugs possession warning,,
Person search,2016-05-04T03:36:59+00:00,,,51.447290,-2.590271,Male,10-17,Not Stated (NS),Black,Misuse of Drugs Act 1971 (section 23),Controlled drugs,Nothing found - no further action,,
Person search,2016-05-04T04:20:46+00:00,,,51.450514,-2.594702,Male,18-24,White - White British (W1),White,Misuse of Drugs Act 1971 (section 23),Controlled drugs,Nothing found - no further action,,
Person search,2016-05-04T04:20:46+00:00,,,51.450514,-2.594702,Male,18-24,White - White British (W1),White,Misuse of Drugs Act 1971 (section 23),Controlled drugs,Nothing found - no further action,,
Person search,2016-05-04T04:20:46+00:00,,,51.450514,-2.594702,Male,18-24,White - White British (W1),White,Misuse of Drugs Act 1971 (section 23),Controlled drugs,Nothing found - no further action,,
Person search,2016-05-04T08:33:42+00:00,,,51.015946,-3.081468,Male,,White - White British (W1),White,Misuse of Drugs Act 1971 (section 23),Controlled drugs,Nothing found - no further action,,
Person search,2016-05-04T11:34:14+00:00,,,50.940786,-2.629917,Male,18-24,Black or Black British - Caribbean (B1),Black,Misuse of Drugs Act 1971 (section 23),Stolen goods,Nothing found - no further action,,
Person search,2016-05-04T13:14:17+00:00,,,51.022866,-3.261270,Male,over 34,White - White British (W1),White,Police and Criminal Evidence Act 1984 (section 1),Firearms,Nothing found - no further action,,
Person search,2016-05-04T13:48:36+00:00,,,51.443102,-2.598807,Male,18-24,White - White British (W1),White,Police and Criminal Evidence Act 1984 (section 1),Article for use in theft,Suspect arrested,,
Person search,2016-05-04T17:14:22+00:00,,,51.428537,-2.584103,Male,10-17,White - White British (W1),White,Misuse of Drugs Act 1971 (section 23),Controlled drugs,Offender given drugs possession warning,,
Person search,2016-05-04T17:14:22+00:00,,,51.428537,-2.584103,Male,10-17,White - White British (W1),White,Misuse of Drugs Act 1971 (section 23),Controlled drugs,Nothing found - no further action,,
Person search,2016-05-04T17:25:00+00:00,,,51.460272,-2.576145,Male,18-24,White - White British (W1),White,Firearms Act 1968 (section 47),Firearms,Nothing found - no further action,,
Person search,2016-05-04T17:51:51+00:00,,,51.501318,-2.580034,Male,18-24,White - White British (W1),White,Misuse of Drugs Act 1971 (section 23),Controlled drugs,Offender given drugs possession warning,,
Person search,2016-05-04T21:29:35+00:00,,,51.526758,-2.606001,Male,18-24,White - White Irish (W2),White,Police and Criminal Evidence Act 1984 (section 1),Stolen goods,Nothing found - no further action,,
Person search,2016-05-04T21:29:35+00:00,,,51.526758,-2.606001,Male,over 34,White - White British (W1),White,Police and Criminal Evidence Act 1984 (section 1),Stolen goods,Nothing found - no further action,,
Person search,2016-05-05T00:23:20+00:00,,,51.538330,-2.581327,Male,18-24,,White,Misuse of Drugs Act 1971 (section 23),Controlled drugs,Nothing found - no further action,,
Person search,2016-05-05T00:23:20+00:00,,,51.538330,-2.581327,Male,18-24,,White,Misuse of Drugs Act 1971 (section 23),Controlled drugs,Nothing found - no further action,,
Person search,2016-05-05T15:35:48+00:00,,,51.286909,-2.483218,Male,18-24,White - White British (W1),White,Police and Criminal Evidence Act 1984 (section 1),Stolen goods,Article found - Detailed outcome unavailable,,
Person search,2016-05-05T15:49:41+00:00,,,51.022866,-3.261270,Male,over 34,White - White British (W1),White,Police and Criminal Evidence Act 1984 (section 1),Offensive weapons,Nothing found - no further action,,
Person search,2016-05-05T16:14:33+00:00,,,51.022866,-3.261270,Male,over 34,White - White British (W1),White,Police and Criminal Evidence Act 1984 (section 1),Offensive weapons,Nothing found - no further action,,
Person search,2016-05-05T17:43:04+00:00,,,51.405104,-2.609006,Male,25-34,White - White British (W1),White,Misuse of Drugs Act 1971 (section 23),Controlled drugs,Nothing found - no further action,,
Person search,2016-05-05T17:43:04+00:00,,,51.403547,-2.591720,Female,25-34,White - White British (W1),White,Misuse of Drugs Act 1971 (section 23),Controlled drugs,Nothing found - no further action,,
Person search,2016-05-05T18:57:04+00:00,,,50.952660,-2.622590,Male,over 34,White - White British (W1),White,Misuse of Drugs Act 1971 (section 23),Controlled drugs,Nothing found - no further action,,
Person search,2016-05-05T18:57:04+00:00,,,50.951162,-2.626769,Male,25-34,White - White British (W1),White,Misuse of Drugs Act 1971 (section 23),Controlled drugs,Nothing found - no further action,,
Person search,2016-05-05T21:06:32+00:00,,,51.450339,-2.543728,Male,18-24,,White,Misuse of Drugs Act 1971 (section 23),Controlled drugs,Nothing found - no further action,,
Person search,2016-05-05T23:10:18+00:00,,,51.463181,-2.578960,Male,over 34,White - White British (W1),White,Misuse of Drugs Act 1971 (section 23),Controlled drugs,Nothing found - no further action,,
Person search,2016-05-06T02:16:18+00:00,,,51.488072,-2.500234,Male,18-24,White - White British (W1),White,Misuse of Drugs Act 1971 (section 23),Controlled drugs,Nothing found - no further action,,
Person search,2016-05-06T02:16:18+00:00,,,51.488072,-2.500234,Male,18-24,Mixed - White and Black Caribbean (M1),Other,Misuse of Drugs Act 1971 (section 23),Controlled drugs,Nothing found - no further action,,
Person search,2016-05-06T02:16:18+00:00,,,51.488072,-2.500234,Male,10-17,Mixed - White and Black Caribbean (M1),Other,Misuse of Drugs Act 1971 (section 23),Controlled drugs,Nothing found - no further action,,
Person search,2016-05-06T02:16:18+00:00,,,51.488072,-2.500234,,18-24,Black or Black British - Caribbean (B1),Black,Misuse of Drugs Act 1971 (section 23),Controlled drugs,Nothing found - no further action,,
Person search,2016-05-06T03:17:32+00:00,,,,,Male,18-24,White - White British (W1),White,Police and Criminal Evidence Act 1984 (section 1),Article for use in theft,Offender given drugs possession warning,,
Person search,2016-05-06T04:48:33+00:00,,,51.452650,-2.597147,,25-34,Black or Black British - Any other Black ethnic background (B9),Black,Police and Criminal Evidence Act 1984 (section 1),Offensive weapons,Nothing found - no further action,,
Person search,2016-05-06T05:22:27+00:00,,,51.454894,-2.567183,Male,over 34,White - White British (W1),White,Police and Criminal Evidence Act 1984 (section 1),Stolen goods,Nothing found - no further action,,
Person search,2016-05-06T07:51:12+00:00,,,51.446013,-2.588499,Female,18-24,White - White British (W1),White,Misuse of Drugs Act 1971 (section 23),Controlled drugs,Nothing found - no further action,,
Person search,2016-05-06T07:51:12+00:00,,,51.446013,-2.588499,Male,18-24,White - White British (W1),White,Misuse of Drugs Act 1971 (section 23),Controlled drugs,Nothing found - no further action,,
Person search,2016-05-06T08:49:49+00:00,,,51.467750,-2.525263,,18-24,White - White British (W1),White,Police and Criminal Evidence Act 1984 (section 1),Offensive weapons,Nothing found - no further action,,
Person search,2016-05-06T18:01:29+00:00,,,,,Male,18-24,Not Stated (NS),Other,Misuse of Drugs Act 1971 (section 23),Controlled drugs,Article found - Detailed outcome unavailable,,
Person search,2016-05-06T20:18:30+00:00,,,51.051881,-2.421402,Female,25-34,White - White British (W1),White,Misuse of Drugs Act 1971 (section 23),Controlled drugs,Nothing found - no further action,,
Person search,2016-05-06T20:18:30+00:00,,,51.051881,-2.421402,Male,over 34,White - White British (W1),White,Misuse of Drugs Act 1971 (section 23),Controlled drugs,Nothing found - no further action,,
Person search,2016-05-06T21:08:40+00:00,,,51.093142,-2.263033,Male,10-17,White - White British (W1),White,Misuse of Drugs Act 1971 (section 23),Controlled drugs,Nothing found - no further action,,
Person search,2016-05-06T21:08:40+00:00,,,51.093142,-2.263033,Female,10-17,White - White British (W1),White,Misuse of Drugs Act 1971 (section 23),Controlled drugs,Nothing found - no further action,,
Person search,2016-05-06T21:08:40+00:00,,,51.093142,-2.263033,Male,10-17,White - White British (W1),White,Misuse of Drugs Act 1971 (section 23),Controlled drugs,Nothing found - no further action,,
Person search,2016-05-06T21:08:40+00:00,,,51.093142,-2.263033,Male,10-17,Black or Black British - Any other Black ethnic background (B9),Other,Misuse of Drugs Act 1971 (section 23),Controlled drugs,Nothing found - no further action,,
Person search,2016-05-06T21:08:40+00:00,,,51.093142,-2.263033,Male,18-24,White - White British (W1),White,Misuse of Drugs Act 1971 (section 23),Controlled drugs,Nothing found - no further action,,
Person search,2016-05-06T21:08:40+00:00,,,51.093142,-2.263033,Male,18-24,White - White British (W1),White,Misuse of Drugs Act 1971 (section 23),Controlled drugs,Nothing found - no further action,,
Person search,2016-05-06T21:08:40+00:00,,,51.093142,-2.263033,Male,18-24,White - White British (W1),White,Misuse of Drugs Act 1971 (section 23),Controlled drugs,Local resolution,,
Person search,2016-05-06T21:08:40+00:00,,,51.093142,-2.263033,Male,10-17,White - White British (W1),White,Misuse of Drugs Act 1971 (section 23),Controlled drugs,Nothing found - no further action,,
Person search,2016-05-06T22:23:47+00:00,,,51.542122,-2.414425,Male,25-34,Mixed - Any other Mixed ethnic background (M9),Black,Misuse of Drugs Act 1971 (section 23),Controlled drugs,Nothing found - no further action,,
Person search,2016-05-06T22:23:47+00:00,,,51.542122,-2.414425,Male,18-24,Black or Black British - African (B2),Black,Misuse of Drugs Act 1971 (section 23),Controlled drugs,Nothing found - no further action,,
Person search,2016-05-06T22:23:47+00:00,,,51.542122,-2.414425,,18-24,Black or Black British - Caribbean (B1),Black,Misuse of Drugs Act 1971 (section 23),Controlled drugs,Nothing found - no further action,,
Person search,2016-05-07T01:41:07+00:00,,,51.447069,-2.485756,Male,25-34,White - White British (W1),White,Misuse of Drugs Act 1971 (section 23),Controlled drugs,Nothing found - no further action,,
Person search,2016-05-07T01:47:18+00:00,,,,,Male,18-24,,,Misuse of Drugs Act 1971 (section 23),Controlled drugs,Nothing found - no further action,,
Person search,2016-05-07T01:47:18+00:00,,,,,,,,,Misuse of Drugs Act 1971 (section 23),Controlled drugs,Nothing found - no further action,,
Person search,2016-05-07T03:33:20+00:00,,,51.503604,-2.607985,Female,18-24,White - White British (W1),White,Misuse of Drugs Act 1971 (section 23),Controlled drugs,Nothing found - no further action,,
Person search,2016-05-07T09:46:26+00:00,,,51.017275,-3.103768,Male,18-24,White - Any other White ethnic background (W9),White,Police and Criminal Evidence Act 1984 (section 1),Stolen goods,Nothing found - no further action,,
Person search,2016-05-07T09:46:26+00:00,,,51.017275,-3.103768,Male,18-24,White - Any other White ethnic background (W9),White,Police and Criminal Evidence Act 1984 (section 1),Stolen goods,Nothing found - no further action,,
Person search,2016-05-07T15:08:56+00:00,,,51.458364,-2.580151,Female,25-34,,,Police and Criminal Evidence Act 1984 (section 1),Offensive weapons,Nothing found - no further action,,
Person search,2016-05-07T20:16:50+00:00,,,50.953025,-2.924383,Male,25-34,Not Stated (NS),White,Firearms Act 1968 (section 47),Firearms,Nothing found - no further action,,
Person search,2016-05-07T20:16:50+00:00,,,50.953025,-2.924383,Male,over 34,Not Stated (NS),White,Firearms Act 1968 (section 47),Firearms,Nothing found - no further action,,
Person search,2016-05-07T22:27:22+00:00,,,51.285351,-2.483760,Male,10-17,White - White British (W1),White,Misuse of Drugs Act 1971 (section 23),Controlled drugs,Nothing found - no further action,,
Person search,2016-05-08T03:45:01+00:00,,,51.454281,-2.594664,Male,25-34,White - White British (W1),White,Misuse of Drugs Act 1971 (section 23),Controlled drugs,Nothing found - no further action,,
Person search,2016-05-08T10:41:43+00:00,,,51.466322,-2.530789,Male,25-34,Black or Black British - Caribbean (B1),Black,Misuse of Drugs Act 1971 (section 23),Controlled drugs,Nothing found - no further action,,
Person search,2016-05-08T10:41:43+00:00,,,51.466322,-2.530789,Female,25-34,,,Misuse of Drugs Act 1971 (section 23),Controlled drugs,Nothing found - no further action,,
Person search,2016-05-08T14:26:55+00:00,,,51.361087,-2.720423,Male,25-34,White - White British (W1),White,Misuse of Drugs Act 1971 (section 23),Controlled drugs,Nothing found - no further action,,
Person search,2016-05-08T14:57:44+00:00,,,51.019948,-3.078538,Male,18-24,White - Any other White ethnic background (W9),White,Misuse of Drugs Act 1971 (section 23),Controlled drugs,Nothing found - no further action,,
Person search,2016-05-08T17:16:15+00:00,,,51.289496,-3.011677,Female,25-34,White - White British (W1),White,Misuse of Drugs Act 1971 (section 23),Controlled drugs,Nothing found - no further action,,
Person search,2016-05-09T03:16:00+00:00,,,51.346370,-2.958410,Male,18-24,White - White British (W1),White,Misuse of Drugs Act 1971 (section 23),Controlled drugs,Suspect arrested,,
Person search,2016-05-09T03:28:48+00:00,,,51.346856,-2.964910,Female,25-34,White - White British (W1),White,Misuse of Drugs Act 1971 (section 23),Controlled drugs,Suspect arrested,,
Person search,2016-05-09T04:17:37+00:00,,,51.346428,-2.963322,Male,10-17,Black or Black British - African (B2),Black,Misuse of Drugs Act 1971 (section 23),Controlled drugs,Suspect arrested,,
Person search,2016-05-09T16:46:26+00:00,,,51.525158,-2.595371,Male,18-24,Black or Black British - African (B2),Black,Police and Criminal Evidence Act 1984 (section 1),Article for use in theft,Nothing found - no further action,,
Person search,2016-05-09T16:46:26+00:00,,,51.525158,-2.595371,Male,18-24,Black or Black British - African (B2),Black,Police and Criminal Evidence Act 1984 (section 1),Article for use in theft,Nothing found - no further action,,
Person search,2016-05-09T16:46:26+00:00,,,51.525158,-2.595371,Male,18-24,Black or Black British - African (B2),Black,Police and Criminal Evidence Act 1984 (section 1),Article for use in theft,Nothing found - no further action,,
Person search,2016-05-09T18:47:29+00:00,,,51.292266,-2.831150,Male,18-24,White - White British (W1),White,Misuse of Drugs Act 1971 (section 23),Controlled drugs,Nothing found - no further action,,
Person search,2016-05-09T18:47:29+00:00,,,51.292266,-2.831150,,18-24,White - White British (W1),White,Misuse of Drugs Act 1971 (section 23),Controlled drugs,Nothing found - no further action,,
Person search,2016-05-09T18:47:29+00:00,,,51.292266,-2.831150,Male,18-24,White - White British (W1),White,Misuse of Drugs Act 1971 (section 23),Controlled drugs,Nothing found - no further action,,
Person search,2016-05-09T19:46:54+00:00,,,51.018436,-3.087400,Male,over 34,Black or Black British - Any other Black ethnic background (B9),Black,Misuse of Drugs Act 1971 (section 23),Controlled drugs,Nothing found - no further action,,
Person search,2016-05-09T21:43:40+00:00,,,51.463322,-2.560997,Male,18-24,,Other,Misuse of Drugs Act 1971 (section 23),Controlled drugs,Nothing found - no further action,,
Person search,2016-05-09T21:43:40+00:00,,,51.463752,-2.563147,Male,18-24,,,Misuse of Drugs Act 1971 (section 23),Controlled drugs,Nothing found - no further action,,
Person search,2016-05-09T23:34:01+00:00,,,51.464419,-2.586735,Male,25-34,Black or Black British - African (B2),Black,Police and Criminal Evidence Act 1984 (section 1),Offensive weapons,Nothing found - no further action,,
Person search,2016-05-10T00:15:49+00:00,,,51.480682,-2.534757,,over 34,White - White British (W1),White,Police and Criminal Evidence Act 1984 (section 1),Stolen goods,Nothing found - no further action,,
Person search,2016-05-10T13:58:07+00:00,,,51.486770,-2.491406,Male,10-17,White - White British (W1),White,Police and Criminal Evidence Act 1984 (section 1),Article for use in theft,Nothing found - no further action,,
Person search,2016-05-10T14:26:26+00:00,,,51.445344,-2.506588,Male,25-34,White - White British (W1),White,Misuse of Drugs Act 1971 (section 23),Controlled drugs,Offender cautioned,,
Person search,2016-05-10T15:29:55+00:00,,,51.454949,-2.623673,Male,18-24,,,Misuse of Drugs Act 1971 (section 23),Controlled drugs,Nothing found - no further action,,
Person search,2016-05-10T15:29:55+00:00,,,51.454949,-2.623673,Male,18-24,White - White British (W1),White,Police and Criminal Evidence Act 1984 (section 1),Stolen goods,Nothing found - no further action,,
Person search,2016-05-10T15:29:55+00:00,,,51.454949,-2.623673,Male,18-24,,,Police and Criminal Evidence Act 1984 (section 1),Stolen goods,Nothing found - no further action,,
Person search,2016-05-10T19:12:01+00:00,,,51.465660,-2.586736,Male,25-34,Not Stated (NS),Other,Misuse of Drugs Act 1971 (section 23),Controlled drugs,Nothing found - no further action,,
Person search,2016-05-10T20:30:31+00:00,,,51.430044,-2.577563,Male,18-24,White - White British (W1),White,Misuse of Drugs Act 1971 (section 23),Controlled drugs,Nothing found - no further action,,
Person search,2016-05-11T01:40:58+00:00,,,51.506079,-2.593466,Male,18-24,White - White British (W1),White,Police and Criminal Evidence Act 1984 (section 1),Stolen goods,Suspect arrested,,
Person search,2016-05-11T01:40:58+00:00,,,51.506079,-2.593466,Male,10-17,White - White British (W1),White,Police and Criminal Evidence Act 1984 (section 1),Stolen goods,Suspect arrested,,
Person search,2016-05-11T03:23:46+00:00,,,51.351057,-2.972308,Male,18-24,White - White British (W1),White,Police and Criminal Evidence Act 1984 (section 1),Stolen goods,Offender given drugs possession warning,,
Person search,2016-05-11T03:23:46+00:00,,,51.350550,-2.974795,Male,18-24,,,Police and Criminal Evidence Act 1984 (section 1),Stolen goods,Nothing found - no further action,,
Person search,2016-05-11T03:23:46+00:00,,,51.350550,-2.974795,Female,18-24,,,Police and Criminal Evidence Act 1984 (section 1),Stolen goods,Nothing found - no further action,,
Person search,2016-05-11T03:37:52+00:00,,,51.350550,-2.974795,Male,18-24,White - White British (W1),White,Police and Criminal Evidence Act 1984 (section 1),Stolen goods,Nothing found - no further action,,
Person search,2016-05-11T03:37:52+00:00,,,51.350550,-2.974795,Female,18-24,White - White British (W1),White,Police and Criminal Evidence Act 1984 (section 1),Stolen goods,Nothing found - no further action,,
Person search,2016-05-11T03:56:09+00:00,,,51.337544,-2.978482,Male,over 34,White - White British (W1),White,Police and Criminal Evidence Act 1984 (section 1),Offensive weapons,Nothing found - no further action,,
Person search,2016-05-11T14:25:24+00:00,,,51.385020,-2.357664,Male,25-34,White - Any other White ethnic background (W9),White,Misuse of Drugs Act 1971 (section 23),Controlled drugs,Nothing found - no further action,,
Person search,2016-05-11T20:44:12+00:00,,,51.379867,-2.360713,Male,10-17,Mixed - White and Black Caribbean (M1),Other,Misuse of Drugs Act 1971 (section 23),Controlled drugs,Local resolution,,
Person search,2016-05-11T20:44:12+00:00,,,51.379867,-2.360713,Female,10-17,White - White British (W1),White,Misuse of Drugs Act 1971 (section 23),Controlled drugs,Local resolution,,
Person search,2016-05-11T20:44:12+00:00,,,51.379867,-2.360713,Female,10-17,White - White British (W1),White,Misuse of Drugs Act 1971 (section 23),Controlled drugs,Local resolution,,
Person search,2016-05-12T05:34:49+00:00,,,51.012940,-3.105746,Male,over 34,White - White British (W1),White,Police and Criminal Evidence Act 1984 (section 1),Articles for use in criminal damage,Nothing found - no further action,,
Person search,2016-05-12T06:40:09+00:00,,,51.134694,-3.006660,Female,25-34,White - White British (W1),White,Misuse of Drugs Act 1971 (section 23),Controlled drugs,Nothing found - no further action,,
Person search,2016-05-12T11:55:55+00:00,,,51.016306,-3.096902,Male,18-24,Not Stated (NS),Other,Misuse of Drugs Act 1971 (section 23),Controlled drugs,Nothing found - no further action,,
Person search,2016-05-12T19:00:03+00:00,,,51.456268,-2.476873,Male,10-17,White - White British (W1),White,Police and Criminal Evidence Act 1984 (section 1),Offensive weapons,Nothing found - no further action,,
Person search,2016-05-12T22:33:39+00:00,,,51.540587,-2.413661,Male,10-17,White - White British (W1),White,Misuse of Drugs Act 1971 (section 23),Controlled drugs,Offender cautioned,,
Person search,2016-05-12T22:37:41+00:00,,,51.540587,-2.413661,Male,18-24,White - White British (W1),White,Misuse of Drugs Act 1971 (section 23),Controlled drugs,Offender given drugs possession warning,,
Person search,2016-05-12T22:51:54+00:00,,,51.418361,-2.589150,Male,10-17,White - White British (W1),White,Misuse of Drugs Act 1971 (section 23),Controlled drugs,Offender given drugs possession warning,,
Person search,2016-05-12T23:06:54+00:00,,,51.540587,-2.413661,Male,10-17,,,Misuse of Drugs Act 1971 (section 23),Controlled drugs,Nothing found - no further action,,
Person search,2016-05-12T23:06:54+00:00,,,51.540587,-2.413661,Male,18-24,,,Misuse of Drugs Act 1971 (section 23),Controlled drugs,Nothing found - no further action,,
Person search,2016-05-12T23:06:54+00:00,,,51.540587,-2.413661,Male,18-24,White - White British (W1),White,Misuse of Drugs Act 1971 (section 23),Controlled drugs,Nothing found - no further action,,
Person search,2016-05-13T02:26:59+00:00,,,51.459419,-2.592126,Male,over 34,Black or Black British - Any other Black ethnic background (B9),Black,Misuse of Drugs Act 1971 (section 23),Controlled drugs,Nothing found - no further action,,
Person search,2016-05-13T04:11:08+00:00,,,51.463472,-2.550275,Male,over 34,White - White British (W1),White,Police and Criminal Evidence Act 1984 (section 1),Offensive weapons,Nothing found - no further action,,
Person search,2016-05-13T04:45:23+00:00,,,,,Male,18-24,Not Stated (NS),White,Misuse of Drugs Act 1971 (section 23),Controlled drugs,Offender given drugs possession warning,,
Person search,2016-05-13T05:32:04+00:00,,,,,Male,over 34,Not Stated (NS),White,Police and Criminal Evidence Act 1984 (section 1),Article for use in theft,Nothing found - no further action,,
Person search,2016-05-13T09:17:38+00:00,,,51.480642,-2.593538,Male,18-24,White - White British (W1),White,Misuse of Drugs Act 1971 (section 23),Controlled drugs,Nothing found - no further action,,
Person search,2016-05-13T09:19:35+00:00,,,51.303349,-2.946540,Male,10-17,Black or Black British - Caribbean (B1),Black,Misuse of Drugs Act 1971 (section 23),Controlled drugs,Suspect arrested,,
Person search,2016-05-13T11:42:58+00:00,,,51.480642,-2.593538,,18-24,,,Misuse of Drugs Act 1971 (section 23),Controlled drugs,Nothing found - no further action,,
Person search,2016-05-13T11:42:58+00:00,,,51.480642,-2.593538,Female,18-24,White - White British (W1),White,Misuse of Drugs Act 1971 (section 23),Controlled drugs,Nothing found - no further action,,
Person search,2016-05-13T12:59:46+00:00,,,51.335449,-2.979571,Male,18-24,Not Stated (NS),White,Police and Criminal Evidence Act 1984 (section 1),Stolen goods,Nothing found - no further action,,
Person search,2016-05-13T15:07:38+00:00,,,51.328410,-2.865159,Male,25-34,White - White British (W1),White,Misuse of Drugs Act 1971 (section 23),Controlled drugs,Nothing found - no further action,,
Person search,2016-05-13T15:07:38+00:00,,,51.328410,-2.865159,Male,25-34,White - White British (W1),White,Misuse of Drugs Act 1971 (section 23),Controlled drugs,Offender given drugs possession warning,,
Person search,2016-05-13T16:17:58+00:00,,,51.471603,-2.586885,Male,over 34,Black or Black British - Caribbean (B1),Black,Misuse of Drugs Act 1971 (section 23),Controlled drugs,Nothing found - no further action,,
Person search,2016-05-13T20:30:52+00:00,,,50.960468,-2.615290,Female,25-34,,,Police and Criminal Evidence Act 1984 (section 1),Stolen goods,Nothing found - no further action,,
Person search,2016-05-13T21:50:10+00:00,,,51.417961,-2.595271,Male,over 34,White - White British (W1),White,Police and Criminal Evidence Act 1984 (section 1),Stolen goods,Nothing found - no further action,,
Person search,2016-05-13T21:50:10+00:00,,,51.417961,-2.595271,Male,over 34,White - White British (W1),White,Police and Criminal Evidence Act 1984 (section 1),Stolen goods,Nothing found - no further action,,
Person search,2016-05-13T22:10:47+00:00,,,51.226009,-2.981456,Male,over 34,White - White British (W1),White,Misuse of Drugs Act 1971 (section 23),Controlled drugs,Suspect arrested,,
Person search,2016-05-13T23:35:45+00:00,,,51.362926,-2.910781,Male,18-24,White - White British (W1),White,Misuse of Drugs Act 1971 (section 23),Controlled drugs,Offender given drugs possession warning,,
Person search,2016-05-14T00:17:57+00:00,,,51.362926,-2.910781,Male,over 34,White - White British (W1),White,Misuse of Drugs Act 1971 (section 23),Controlled drugs,Nothing found - no further action,,
Person search,2016-05-14T00:17:57+00:00,,,51.362926,-2.910781,Male,18-24,White - White British (W1),White,Misuse of Drugs Act 1971 (section 23),Controlled drugs,Nothing found - no further action,,
Person search,2016-05-14T00:17:57+00:00,,,51.362926,-2.910781,Male,18-24,White - White British (W1),White,Misuse of Drugs Act 1971 (section 23),Controlled drugs,Offender given drugs possession warning,,
Person search,2016-05-14T02:00:48+00:00,,,51.405414,-2.588811,Male,18-24,White - White British (W1),White,Misuse of Drugs Act 1971 (section 23),Controlled drugs,Offender given drugs possession warning,,
Person search,2016-05-14T02:15:54+00:00,,,50.970924,-3.219798,Male,10-17,White - White British (W1),White,Misuse of Drugs Act 1971 (section 23),Controlled drugs,Local resolution,,
Person search,2016-05-14T02:15:54+00:00,,,50.970924,-3.219798,Female,18-24,White - White British (W1),White,Misuse of Drugs Act 1971 (section 23),Controlled drugs,Nothing found - no further action,,
Person search,2016-05-14T02:15:54+00:00,,,50.970924,-3.219798,Female,10-17,White - White British (W1),White,Misuse of Drugs Act 1971 (section 23),Controlled drugs,Nothing found - no further action,,
Person search,2016-05-14T02:56:50+00:00,,,51.457820,-2.607808,Male,25-34,White - White British (W1),White,Misuse of Drugs Act 1971 (section 23),Controlled drugs,Nothing found - no further action,,
Person search,2016-05-14T02:56:50+00:00,,,51.457820,-2.607808,,25-34,,,Misuse of Drugs Act 1971 (section 23),Controlled drugs,Nothing found - no further action,,
Person search,2016-05-14T12:08:32+00:00,,,51.496845,-2.571738,Male,10-17,Black or Black British - Any other Black ethnic background (B9),Black,Misuse of Drugs Act 1971 (section 23),Controlled drugs,Nothing found - no further action,,
Person search,2016-05-14T12:08:32+00:00,,,51.496845,-2.571738,Male,10-17,Black or Black British - Any other Black ethnic background (B9),Black,Misuse of Drugs Act 1971 (section 23),Controlled drugs,Nothing found - no further action,,
Person search,2016-05-14T13:07:06+00:00,,,51.226467,-2.320574,Male,25-34,White - White British (W1),White,Police and Criminal Evidence Act 1984 (section 1),Stolen goods,Suspect arrested,,
Person search,2016-05-14T14:35:41+00:00,,,51.456751,-2.589860,Female,10-17,White - White British (W1),White,Police and Criminal Evidence Act 1984 (section 1),Stolen goods,Nothing found - no further action,,
Person search,2016-05-14T14:35:41+00:00,,,51.456751,-2.589860,Female,10-17,White - White British (W1),White,Police and Criminal Evidence Act 1984 (section 1),Stolen goods,Nothing found - no further action,,
Person search,2016-05-14T17:14:16+00:00,,,51.011397,-3.126992,,18-24,White - White British (W1),White,Misuse of Drugs Act 1971 (section 23),Controlled drugs,Article found - Detailed outcome unavailable,,
Person search,2016-05-14T18:20:09+00:00,,,51.350550,-2.974795,Male,over 34,White - White British (W1),White,Misuse of Drugs Act 1971 (section 23),Controlled drugs,Local resolution,,
Person search,2016-05-14T21:37:36+00:00,,,51.454367,-2.564572,Male,over 34,White - White British (W1),White,Misuse of Drugs Act 1971 (section 23),Controlled drugs,Local resolution,,
Person search,2016-05-14T22:45:34+00:00,,,51.018436,-3.087400,Male,25-34,,,Misuse of Drugs Act 1971 (section 23),Controlled drugs,Suspect arrested,,
Person search,2016-05-14T23:48:23+00:00,,,51.016248,-3.087619,Male,18-24,White - White British (W1),White,Misuse of Drugs Act 1971 (section 23),Controlled drugs,Nothing found - no further action,,
Person search,2016-05-14T23:55:10+00:00,,,51.366022,-2.917321,Male,10-17,Not Stated (NS),Black,Police and Criminal Evidence Act 1984 (section 1),Offensive weapons,Nothing found - no further action,,
Person search,2016-05-15T00:32:49+00:00,,,51.419364,-2.588142,Male,18-24,,,Police and Criminal Evidence Act 1984 (section 1),Article for use in theft,Nothing found - no further action,,
Person search,2016-05-15T00:58:24+00:00,,,51.421143,-2.573913,Male,18-24,White - White British (W1),White,Misuse of Drugs Act 1971 (section 23),Controlled drugs,Nothing found - no further action,,
Person search,2016-05-15T00:58:24+00:00,,,51.421143,-2.573913,Male,18-24,Mixed - White and Black Caribbean (M1),Other,Misuse of Drugs Act 1971 (section 23),Controlled drugs,Nothing found - no further action,,
Person search,2016-05-15T01:32:47+00:00,,,51.604864,-2.526527,Female,10-17,White - White British (W1),White,Misuse of Drugs Act 1971 (section 23),Controlled drugs,Offender cautioned,,
Person search,2016-05-15T04:37:34+00:00,,,51.591513,-2.528408,Female,10-17,White - White British (W1),White,Misuse of Drugs Act 1971 (section 23),Controlled drugs,Nothing found - no further action,,
Person search,2016-05-15T04:37:34+00:00,,,51.591513,-2.528408,Female,10-17,,,Misuse of Drugs Act 1971 (section 23),Controlled drugs,Nothing found - no further action,,
Person search,2016-05-15T04:37:34+00:00,,,51.591513,-2.528408,Male,18-24,White - White British (W1),White,Misuse of Drugs Act 1971 (section 23),Controlled drugs,Nothing found - no further action,,
Person search,2016-05-15T16:55:59+00:00,,,51.499791,-2.599377,Male,18-24,White - White British (W1),White,Police and Criminal Evidence Act 1984 (section 1),Stolen goods,Nothing found - no further action,,
Person search,2016-05-15T17:39:33+00:00,,,51.271811,-2.916461,Female,10-17,White - White British (W1),White,Misuse of Drugs Act 1971 (section 23),Controlled drugs,Local resolution,,
Person search,2016-05-15T17:39:33+00:00,,,51.271811,-2.916461,Female,10-17,White - White British (W1),White,Misuse of Drugs Act 1971 (section 23),Controlled drugs,Nothing found - no further action,,
Person search,2016-05-15T17:39:33+00:00,,,51.271811,-2.916461,Male,18-24,White - White British (W1),White,Misuse of Drugs Act 1971 (section 23),Controlled drugs,Nothing found - no further action,,
Person search,2016-05-15T18:40:48+00:00,,,51.502643,-2.582976,Male,10-17,White - White British (W1),White,Police and Criminal Evidence Act 1984 (section 1),Stolen goods,Offender given drugs possession warning,,
Person search,2016-05-15T18:40:48+00:00,,,51.502643,-2.582976,Female,10-17,,Black,Police and Criminal Evidence Act 1984 (section 1),Stolen goods,Offender given drugs possession warning,,
Person search,2016-05-15T21:01:10+00:00,,,51.424568,-2.448252,Male,18-24,,,Misuse of Drugs Act 1971 (section 23),Controlled drugs,Nothing found - no further action,,
Person search,2016-05-15T21:01:10+00:00,,,51.424568,-2.448252,Male,18-24,,,Misuse of Drugs Act 1971 (section 23),Controlled drugs,Nothing found - no further action,,
Person search,2016-05-15T21:01:10+00:00,,,51.424568,-2.448252,Male,18-24,,,Misuse of Drugs Act 1971 (section 23),Controlled drugs,Nothing found - no further action,,
Person search,2016-05-15T21:01:10+00:00,,,51.424568,-2.448252,Male,18-24,,,Misuse of Drugs Act 1971 (section 23),Controlled drugs,Nothing found - no further action,,
Person search,2016-05-15T21:01:10+00:00,,,51.424568,-2.448252,Male,18-24,,,Misuse of Drugs Act 1971 (section 23),Controlled drugs,Nothing found - no further action,,
Person search,2016-05-15T21:01:10+00:00,,,51.424568,-2.448252,Male,18-24,,,Misuse of Drugs Act 1971 (section 23),Controlled drugs,Nothing found - no further action,,
Person search,2016-05-15T21:01:10+00:00,,,51.424568,-2.448252,Male,18-24,,,Misuse of Drugs Act 1971 (section 23),Controlled drugs,Nothing found - no further action,,
Person search,2016-05-15T21:01:10+00:00,,,51.424568,-2.448252,Male,18-24,,,Misuse of Drugs Act 1971 (section 23),Controlled drugs,Nothing found - no further action,,
Person search,2016-05-15T21:01:10+00:00,,,51.424568,-2.448252,Male,18-24,,,Misuse of Drugs Act 1971 (section 23),Controlled drugs,Nothing found - no further action,,
Person search,2016-05-15T22:51:21+00:00,,,51.324809,-2.979918,Male,10-17,,White,Misuse of Drugs Act 1971 (section 23),Controlled drugs,Nothing found - no further action,,
Person search,2016-05-15T23:56:10+00:00,,,51.349953,-2.915047,Male,10-17,Not Stated (NS),White,Police and Criminal Evidence Act 1984 (section 1),Stolen goods,Nothing found - no further action,,
Person search,2016-05-15T23:56:10+00:00,,,51.349953,-2.915047,Male,10-17,Not Stated (NS),White,Police and Criminal Evidence Act 1984 (section 1),Stolen goods,Nothing found - no further action,,
Person search,2016-05-16T02:02:38+00:00,,,51.488860,-2.676505,Male,10-17,Mixed - White and Black African (M2),Other,Police and Criminal Evidence Act 1984 (section 1),Article for use in theft,Suspect arrested,,
Person search,2016-05-16T02:02:38+00:00,,,51.488860,-2.676505,Male,10-17,White - White British (W1),White,Police and Criminal Evidence Act 1984 (section 1),Article for use in theft,Nothing found - no further action,,
Person search,2016-05-16T04:53:34+00:00,,,51.405414,-2.588811,Female,10-17,White - White British (W1),White,Misuse of Drugs Act 1971 (section 23),Controlled drugs,Nothing found - no further action,,
Person search,2016-05-16T07:06:27+00:00,,,51.466232,-2.589162,Male,over 34,White - White British (W1),White,Misuse of Drugs Act 1971 (section 23),Controlled drugs,Nothing found - no further action,,
Person search,2016-05-16T19:47:31+00:00,,,51.525158,-2.595371,Female,over 34,Mixed - White and Black Caribbean (M1),Other,Police and Criminal Evidence Act 1984 (section 1),Article for use in theft,Nothing found - no further action,,
Person search,2016-05-16T20:23:30+00:00,,,51.424568,-2.448252,Male,25-34,White - White British (W1),White,Misuse of Drugs Act 1971 (section 23),Controlled drugs,Offender given drugs possession warning,,
Person search,2016-05-17T00:31:59+00:00,,,51.281731,-2.491479,Male,25-34,White - White British (W1),White,Misuse of Drugs Act 1971 (section 23),Controlled drugs,Nothing found - no further action,,
Person search,2016-05-17T01:07:19+00:00,,,51.021245,-3.063612,Male,18-24,White - White British (W1),White,Misuse of Drugs Act 1971 (section 23),Controlled drugs,,,
Person search,2016-05-17T01:07:19+00:00,,,51.021245,-3.063612,,18-24,White - White British (W1),White,Misuse of Drugs Act 1971 (section 23),Controlled drugs,Nothing found - no further action,,
Person search,2016-05-17T05:00:29+00:00,,,51.132880,-3.001146,Male,25-34,White - White British (W1),White,Police and Criminal Evidence Act 1984 (section 1),Stolen goods,Nothing found - no further action,,
Person search,2016-05-17T05:00:29+00:00,,,51.132726,-2.998127,Female,over 34,White - White British (W1),White,Police and Criminal Evidence Act 1984 (section 1),Article for use in theft,Nothing found - no further action,,
Person search,2016-05-17T05:00:29+00:00,,,51.132880,-3.001146,Male,10-17,White - White British (W1),White,Police and Criminal Evidence Act 1984 (section 1),Stolen goods,Nothing found - no further action,,
Person search,2016-05-17T12:40:23+00:00,,,51.459419,-2.592126,Male,over 34,Not Stated (NS),White,Police and Criminal Evidence Act 1984 (section 1),Offensive weapons,Nothing found - no further action,,
Person search,2016-05-17T15:47:17+00:00,,,51.122698,-3.002484,Male,25-34,White - White British (W1),White,Misuse of Drugs Act 1971 (section 23),Controlled drugs,Nothing found - no further action,,
Person search,2016-05-17T16:11:03+00:00,,,51.488289,-2.504212,Male,over 34,,,Police and Criminal Evidence Act 1984 (section 1),Stolen goods,Suspect arrested,,
Person search,2016-05-17T16:53:26+00:00,,,51.525158,-2.595371,Male,18-24,White - White British (W1),White,Misuse of Drugs Act 1971 (section 23),Controlled drugs,Offender given drugs possession warning,,
Person search,2016-05-17T18:16:18+00:00,,,51.443962,-2.594099,Male,18-24,White - White British (W1),White,Misuse of Drugs Act 1971 (section 23),Controlled drugs,Suspect arrested,,
Person search,2016-05-17T18:16:18+00:00,,,51.443962,-2.594099,,18-24,White - White British (W1),White,Misuse of Drugs Act 1971 (section 23),Controlled drugs,Nothing found - no further action,,
Person search,2016-05-18T00:40:22+00:00,,,51.349117,-2.964369,Female,over 34,White - White British (W1),White,Misuse of Drugs Act 1971 (section 23),Controlled drugs,Article found - Detailed outcome unavailable,,
Person search,2016-05-18T00:40:22+00:00,,,51.349117,-2.964369,Female,over 34,White - White British (W1),White,Misuse of Drugs Act 1971 (section 23),Controlled drugs,Nothing found - no further action,,
Person search,2016-05-18T02:48:51+00:00,,,51.355618,-2.943423,Male,10-17,White - White British (W1),White,Police and Criminal Evidence Act 1984 (section 1),Article for use in theft,Nothing found - no further action,,
Person search,2016-05-18T02:48:51+00:00,,,51.355618,-2.943423,Male,10-17,White - White British (W1),White,Police and Criminal Evidence Act 1984 (section 1),Article for use in theft,Nothing found - no further action,,
Person search,2016-05-18T02:48:51+00:00,,,51.355618,-2.943423,Male,10-17,White - White British (W1),White,Police and Criminal Evidence Act 1984 (section 1),Article for use in theft,Nothing found - no further action,,
Person search,2016-05-18T02:48:51+00:00,,,51.355618,-2.943423,Male,10-17,White - White British (W1),White,Police and Criminal Evidence Act 1984 (section 1),Article for use in theft,Nothing found - no further action,,
Person search,2016-05-18T10:38:43+00:00,,,51.124624,-3.003340,Male,25-34,White - White British (W1),White,Misuse of Drugs Act 1971 (section 23),Controlled drugs,Nothing found - no further action,,
Person search,2016-05-18T10:51:41+00:00,,,50.952133,-2.609841,Male,over 34,White - White British (W1),White,Misuse of Drugs Act 1971 (section 23),Controlled drugs,Nothing found - no further action,,
Person search,2016-05-18T13:51:23+00:00,,,51.381127,-2.360522,Male,10-17,White - White British (W1),White,Police and Criminal Evidence Act 1984 (section 1),Stolen goods,Local resolution,,
Person search,2016-05-18T13:51:23+00:00,,,51.381127,-2.360522,Male,10-17,White - White British (W1),White,Police and Criminal Evidence Act 1984 (section 1),Stolen goods,Local resolution,,
Person search,2016-05-18T19:38:07+00:00,,,51.471963,-2.628440,Male,10-17,White - White British (W1),White,Misuse of Drugs Act 1971 (section 23),Controlled drugs,Offender given drugs possession warning,,
Person search,2016-05-18T20:57:42+00:00,,,51.471963,-2.628440,Male,18-24,White - White British (W1),White,Misuse of Drugs Act 1971 (section 23),Controlled drugs,Nothing found - no further action,,
Person search,2016-05-18T20:57:42+00:00,,,51.471963,-2.628440,Male,18-24,White - White British (W1),White,Misuse of Drugs Act 1971 (section 23),Controlled drugs,Nothing found - no further action,,
Person search,2016-05-18T20:57:42+00:00,,,51.471963,-2.628440,Male,10-17,,,Misuse of Drugs Act 1971 (section 23),Controlled drugs,Nothing found - no further action,,
Person search,2016-05-18T21:23:59+00:00,,,51.475007,-2.580291,Male,over 34,White - White British (W1),White,Misuse of Drugs Act 1971 (section 23),Controlled drugs,Nothing found - no further action,,
Person search,2016-05-18T21:32:21+00:00,,,51.425090,-2.564585,Male,25-34,White - White British (W1),White,Misuse of Drugs Act 1971 (section 23),Controlled drugs,,,
Person search,2016-05-18T21:58:30+00:00,,,51.435766,-2.569636,Male,18-24,White - White British (W1),White,Misuse of Drugs Act 1971 (section 23),Controlled drugs,Nothing found - no further action,,
Person search,2016-05-19T04:14:42+00:00,,,51.462433,-2.590092,Male,over 34,Black or Black British - Caribbean (B1),Black,Police and Criminal Evidence Act 1984 (section 1),Stolen goods,Nothing found - no further action,,
Person search,2016-05-19T04:21:53+00:00,,,51.357377,-2.944924,Male,25-34,White - White British (W1),White,Misuse of Drugs Act 1971 (section 23),Controlled drugs,Nothing found - no further action,,
Person search,2016-05-19T04:21:53+00:00,,,51.357377,-2.944924,Male,18-24,White - White British (W1),White,Misuse of Drugs Act 1971 (section 23),Controlled drugs,Offender given penalty notice,,
Person search,2016-05-19T04:53:50+00:00,,,51.348434,-2.951116,Male,18-24,White - White British (W1),White,Misuse of Drugs Act 1971 (section 23),Controlled drugs,Nothing found - no further action,,
Person search,2016-05-19T06:11:30+00:00,,,51.426948,-2.585478,Male,10-17,White - White British (W1),White,Misuse of Drugs Act 1971 (section 23),Controlled drugs,Nothing found - no further action,,
Person search,2016-05-19T07:58:43+00:00,,,51.517036,-2.587036,Female,25-34,Black or Black British - Caribbean (B1),Black,Firearms Act 1968 (section 47),Firearms,Nothing found - no further action,,
Person search,2016-05-19T07:58:43+00:00,,,51.517036,-2.587036,Male,over 34,Black or Black British - Caribbean (B1),Black,Firearms Act 1968 (section 47),Firearms,Nothing found - no further action,,
Person search,2016-05-19T11:18:50+00:00,,,51.406795,-2.598404,Male,25-34,White - White British (W1),White,Misuse of Drugs Act 1971 (section 23),Controlled drugs,Suspect arrested,,
Person search,2016-05-19T11:18:50+00:00,,,51.406795,-2.598404,Male,18-24,White - White British (W1),White,Misuse of Drugs Act 1971 (section 23),Controlled drugs,Suspect arrested,,
Person search,2016-05-19T12:54:47+00:00,,,50.935181,-2.648499,Male,25-34,,,Misuse of Drugs Act 1971 (section 23),Controlled drugs,Suspect arrested,,
Person search,2016-05-19T12:54:47+00:00,,,50.935181,-2.648499,Female,18-24,White - White British (W1),White,Misuse of Drugs Act 1971 (section 23),Controlled drugs,Suspect arrested,,
Person search,2016-05-19T22:36:49+00:00,,,51.495843,-2.475961,Male,18-24,,Asian,Misuse of Drugs Act 1971 (section 23),Controlled drugs,Nothing found - no further action,,
Person search,2016-05-19T22:36:49+00:00,,,51.495843,-2.475961,Male,18-24,,Asian,Misuse of Drugs Act 1971 (section 23),Controlled drugs,Nothing found - no further action,,
Person search,2016-05-19T22:36:49+00:00,,,51.495843,-2.475961,Male,18-24,White - White British (W1),White,Misuse of Drugs Act 1971 (section 23),Controlled drugs,Nothing found - no further action,,
Person search,2016-05-19T22:36:49+00:00,,,51.495843,-2.475961,Male,10-17,White - White British (W1),White,Misuse of Drugs Act 1971 (section 23),Controlled drugs,Nothing found - no further action,,
Person search,2016-05-19T22:36:49+00:00,,,51.495843,-2.475961,Male,18-24,White - White British (W1),White,Misuse of Drugs Act 1971 (section 23),Controlled drugs,Offender given drugs possession warning,,
Person search,2016-05-19T22:36:49+00:00,,,51.495843,-2.475961,Male,10-17,White - White British (W1),White,Misuse of Drugs Act 1971 (section 23),Controlled drugs,Nothing found - no further action,,
Person search,2016-05-19T22:36:49+00:00,,,51.495843,-2.475961,Male,18-24,White - White British (W1),White,Misuse of Drugs Act 1971 (section 23),Controlled drugs,Nothing found - no further action,,
Person search,2016-05-19T22:36:49+00:00,,,51.495843,-2.475961,Female,10-17,,Asian,Misuse of Drugs Act 1971 (section 23),Controlled drugs,Nothing found - no further action,,
Person search,2016-05-19T22:36:49+00:00,,,51.495843,-2.475961,Male,18-24,White - White British (W1),White,Misuse of Drugs Act 1971 (section 23),Controlled drugs,Nothing found - no further action,,
Person search,2016-05-20T02:33:46+00:00,,,51.015720,-3.093181,Male,18-24,White - White British (W1),White,Police and Criminal Evidence Act 1984 (section 1),Offensive weapons,Nothing found - no further action,,
Person search,2016-05-20T04:03:22+00:00,,,51.353828,-2.988235,Female,18-24,White - White British (W1),White,Misuse of Drugs Act 1971 (section 23),Controlled drugs,Offender given drugs possession warning,,
Person search,2016-05-20T04:03:22+00:00,,,51.353828,-2.988235,Male,18-24,White - White British (W1),White,Misuse of Drugs Act 1971 (section 23),Controlled drugs,Nothing found - no further action,,
Person search,2016-05-20T12:10:10+00:00,,,51.333489,-2.963280,Male,18-24,White - White British (W1),White,Misuse of Drugs Act 1971 (section 23),Controlled drugs,Suspect arrested,,
Person search,2016-05-20T14:04:28+00:00,,,51.498478,-2.614976,Male,10-17,White - White British (W1),White,Misuse of Drugs Act 1971 (section 23),Controlled drugs,Nothing found - no further action,,
Person search,2016-05-20T14:04:28+00:00,,,51.498478,-2.614976,Male,10-17,,,Misuse of Drugs Act 1971 (section 23),Controlled drugs,Nothing found - no further action,,
Person search,2016-05-20T14:04:28+00:00,,,51.498478,-2.614976,Male,10-17,,,Misuse of Drugs Act 1971 (section 23),Controlled drugs,Nothing found - no further action,,
Person search,2016-05-20T15:14:33+00:00,,,51.484177,-2.769598,Male,25-34,White - White British (W1),White,Misuse of Drugs Act 1971 (section 23),Controlled drugs,Nothing found - no further action,,
Person search,2016-05-20T16:18:00+00:00,,,50.875236,-2.778155,Male,,Not Stated (NS),Black,Police and Criminal Evidence Act 1984 (section 1),Offensive weapons,Nothing found - no further action,,
Person search,2016-05-20T20:14:12+00:00,,,51.462885,-2.552744,Male,25-34,Black or Black British - Caribbean (B1),Black,Firearms Act 1968 (section 47),Firearms,Nothing found - no further action,,
Person search,2016-05-20T21:06:55+00:00,,,51.034651,-3.056874,Female,,White - White British (W1),White,Misuse of Drugs Act 1971 (section 23),Controlled drugs,Suspect arrested,,
Person search,2016-05-20T22:23:57+00:00,,,51.409029,-2.601266,Male,18-24,White - White British (W1),White,Misuse of Drugs Act 1971 (section 23),Controlled drugs,Nothing found - no further action,,
Person search,2016-05-20T22:23:57+00:00,,,51.409029,-2.601266,Male,18-24,White - White British (W1),White,Misuse of Drugs Act 1971 (section 23),Controlled drugs,Nothing found - no further action,,
Person search,2016-05-21T01:21:54+00:00,,,51.034651,-3.056874,Female,,White - White British (W1),White,Misuse of Drugs Act 1971 (section 23),Controlled drugs,Offender given drugs possession warning,,
Person search,2016-05-21T01:26:54+00:00,,,51.034651,-3.056874,Male,25-34,White - White British (W1),White,Misuse of Drugs Act 1971 (section 23),Controlled drugs,Suspect summonsed to court,,
Person search,2016-05-21T01:33:56+00:00,,,51.482512,-2.633035,Male,over 34,White - White British (W1),White,Police and Criminal Evidence Act 1984 (section 1),Stolen goods,Nothing found - no further action,,
Person search,2016-05-21T02:09:45+00:00,,,51.426051,-2.577786,Male,18-24,White - White British (W1),White,Police and Criminal Evidence Act 1984 (section 1),Offensive weapons,Nothing found - no further action,,
Person search,2016-05-21T02:09:45+00:00,,,51.426051,-2.577786,Male,25-34,,White,Police and Criminal Evidence Act 1984 (section 1),Offensive weapons,Nothing found - no further action,,
Person search,2016-05-21T02:09:45+00:00,,,51.426051,-2.577786,Male,10-17,White - White British (W1),White,Police and Criminal Evidence Act 1984 (section 1),Offensive weapons,Nothing found - no further action,,
Person search,2016-05-21T02:09:45+00:00,,,51.426051,-2.577786,Male,18-24,Not Stated (NS),Black,Police and Criminal Evidence Act 1984 (section 1),Offensive weapons,Nothing found - no further action,,
Person search,2016-05-21T03:20:31+00:00,,,51.454103,-2.596130,Male,18-24,White - White British (W1),White,Misuse of Drugs Act 1971 (section 23),Controlled drugs,Nothing found - no further action,,
Person search,2016-05-21T08:18:26+00:00,,,51.270332,-2.920474,Male,25-34,White - White British (W1),White,Misuse of Drugs Act 1971 (section 23),Controlled drugs,Offender given drugs possession warning,,
Person search,2016-05-21T08:30:35+00:00,,,51.022058,-3.117127,Male,over 34,White - White British (W1),White,Police and Criminal Evidence Act 1984 (section 1),Stolen goods,Nothing found - no further action,,
Person search,2016-05-21T09:02:11+00:00,,,51.270332,-2.920474,Male,18-24,White - White British (W1),White,Misuse of Drugs Act 1971 (section 23),Controlled drugs,Offender given drugs possession warning,,
Person search,2016-05-21T09:02:11+00:00,,,51.270332,-2.920474,Female,18-24,White - White British (W1),White,Misuse of Drugs Act 1971 (section 23),Controlled drugs,Nothing found - no further action,,
Person search,2016-05-21T09:02:11+00:00,,,51.270332,-2.920474,Male,18-24,White - White British (W1),White,Misuse of Drugs Act 1971 (section 23),Controlled drugs,Nothing found - no further action,,
Person search,2016-05-21T09:02:11+00:00,,,51.270332,-2.920474,Male,18-24,White - White British (W1),White,Misuse of Drugs Act 1971 (section 23),Controlled drugs,Nothing found - no further action,,
Person search,2016-05-21T09:02:11+00:00,,,51.270332,-2.920474,Male,18-24,White - White British (W1),White,Misuse of Drugs Act 1971 (section 23),Controlled drugs,Nothing found - no further action,,
Person search,2016-05-21T14:09:25+00:00,,,51.457659,-2.586288,Male,18-24,Black or Black British - Caribbean (B1),Black,Misuse of Drugs Act 1971 (section 23),Controlled drugs,Local resolution,,
Person search,2016-05-21T14:09:25+00:00,,,51.457659,-2.586288,Male,18-24,Black or Black British - Caribbean (B1),Black,Misuse of Drugs Act 1971 (section 23),Controlled drugs,Local resolution,,
Person search,2016-05-21T15:17:22+00:00,,,51.013665,-3.099434,Male,10-17,White - White British (W1),White,Misuse of Drugs Act 1971 (section 23),Controlled drugs,Local resolution,,
Person search,2016-05-21T16:10:06+00:00,,,51.015720,-3.093181,Male,18-24,White - Any other White ethnic background (W9),White,Police and Criminal Evidence Act 1984 (section 1),Stolen goods,Suspect arrested,,
Person search,2016-05-21T21:52:46+00:00,,,51.406587,-2.598689,Male,25-34,White - White British (W1),White,Misuse of Drugs Act 1971 (section 23),Controlled drugs,Article found - Detailed outcome unavailable,,
Person search,2016-05-22T01:57:19+00:00,,,51.520091,-2.432428,,25-34,Not Stated (NS),Black,Police and Criminal Evidence Act 1984 (section 1),Article for use in theft,Nothing found - no further action,,
Person search,2016-05-22T02:20:20+00:00,,,51.348965,-2.977275,Female,18-24,White - White British (W1),White,Misuse of Drugs Act 1971 (section 23),Controlled drugs,Nothing found - no further action,,
Person search,2016-05-22T02:43:35+00:00,,,51.348965,-2.977275,Male,18-24,White - White British (W1),White,Misuse of Drugs Act 1971 (section 23),Controlled drugs,Offender given drugs possession warning,,
Person search,2016-05-22T04:32:34+00:00,,,51.449198,-2.602355,Male,10-17,Mixed - White and Black Caribbean (M1),Other,Misuse of Drugs Act 1971 (section 23),Controlled drugs,Local resolution,,
Person search,2016-05-22T04:33:51+00:00,,,51.449198,-2.602355,Male,10-17,White - White British (W1),White,Misuse of Drugs Act 1971 (section 23),Controlled drugs,Local resolution,,
Person search,2016-05-22T13:32:29+00:00,,,51.467207,-2.575815,Male,18-24,Black or Black British - Caribbean (B1),Black,Misuse of Drugs Act 1971 (section 23),Controlled drugs,Nothing found - no further action,,
Person search,2016-05-22T13:32:29+00:00,,,51.467207,-2.575815,Male,18-24,White - White British (W1),White,Misuse of Drugs Act 1971 (section 23),Controlled drugs,Nothing found - no further action,,
Person search,2016-05-22T13:32:29+00:00,,,51.467207,-2.575815,Male,18-24,Chinese or other ethnic group - Any other ethnic group (O9),,Misuse of Drugs Act 1971 (section 23),Controlled drugs,Offender given drugs possession warning,,
Person search,2016-05-22T13:53:07+00:00,,,51.420429,-2.554130,Male,25-34,White - White British (W1),White,Misuse of Drugs Act 1971 (section 23),Controlled drugs,Nothing found - no further action,,
Person search,2016-05-22T15:31:25+00:00,,,50.937424,-2.638055,Male,25-34,White - White British (W1),White,Misuse of Drugs Act 1971 (section 23),Controlled drugs,Nothing found - no further action,,
Person search,2016-05-22T15:31:25+00:00,,,50.937424,-2.638055,Male,25-34,,,Misuse of Drugs Act 1971 (section 23),Controlled drugs,Nothing found - no further action,,
Person search,2016-05-22T15:31:25+00:00,,,50.937424,-2.638055,Male,25-34,White - White British (W1),White,Misuse of Drugs Act 1971 (section 23),Controlled drugs,Nothing found - no further action,,
Person search,2016-05-22T15:31:25+00:00,,,50.937424,-2.638055,Male,25-34,White - White British (W1),White,Misuse of Drugs Act 1971 (section 23),Controlled drugs,Nothing found - no further action,,
Person search,2016-05-22T15:31:25+00:00,,,50.937424,-2.638055,,over 34,,,Misuse of Drugs Act 1971 (section 23),Controlled drugs,Nothing found - no further action,,
Person search,2016-05-22T18:19:13+00:00,,,51.027167,-3.153127,Male,18-24,White - White Irish (W2),White,Misuse of Drugs Act 1971 (section 23),Controlled drugs,Nothing found - no further action,,
Person search,2016-05-22T18:19:13+00:00,,,51.027167,-3.153127,Male,25-34,White - White British (W1),White,Misuse of Drugs Act 1971 (section 23),Controlled drugs,Local resolution,,
Person search,2016-05-22T19:09:23+00:00,,,51.015720,-3.093181,Male,over 34,White - White British (W1),White,Police and Criminal Evidence Act 1984 (section 1),Stolen goods,Suspect arrested,,
Person search,2016-05-22T19:12:22+00:00,,,51.330905,-2.963743,Male,18-24,White - White British (W1),White,Misuse of Drugs Act 1971 (section 23),Controlled drugs,Suspect summonsed to court,,
Person search,2016-05-22T19:17:30+00:00,,,51.506327,-2.608252,Male,18-24,White - White British (W1),White,Misuse of Drugs Act 1971 (section 23),Controlled drugs,Offender given penalty notice,,
Person search,2016-05-22T20:08:23+00:00,,,51.494830,-2.575630,Male,10-17,White - White British (W1),White,Misuse of Drugs Act 1971 (section 23),Controlled drugs,Suspect arrested,,
Person search,2016-05-23T14:35:15+00:00,,,51.400981,-2.599521,Male,over 34,White - White British (W1),White,Misuse of Drugs Act 1971 (section 23),Controlled drugs,Nothing found - no further action,,
Person search,2016-05-23T14:35:15+00:00,,,51.400981,-2.599521,Male,25-34,White - White British (W1),White,Misuse of Drugs Act 1971 (section 23),Controlled drugs,Nothing found - no further action,,
Person search,2016-05-23T14:35:31+00:00,,,51.538221,-2.395877,,10-17,White - White British (W1),White,Misuse of Drugs Act 1971 (section 23),Controlled drugs,Local resolution,,
Person search,2016-05-23T16:22:30+00:00,,,51.289403,-2.475859,Male,over 34,White - White British (W1),White,Police and Criminal Evidence Act 1984 (section 1),Stolen goods,Nothing found - no further action,,
Person search,2016-05-23T19:47:37+00:00,,,51.462686,-2.569828,Male,10-17,Black or Black British - Caribbean (B1),Black,Misuse of Drugs Act 1971 (section 23),Controlled drugs,Suspect summonsed to court,,
Person search,2016-05-23T20:25:55+00:00,,,51.448103,-2.485767,Male,18-24,White - White British (W1),White,Misuse of Drugs Act 1971 (section 23),Controlled drugs,Offender given drugs possession warning,,
Person search,2016-05-23T21:14:37+00:00,,,51.443610,-2.616986,Male,over 34,White - White British (W1),White,Misuse of Drugs Act 1971 (section 23),Controlled drugs,Nothing found - no further action,,
Person search,2016-05-23T21:20:58+00:00,,,51.028283,-3.039988,Male,10-17,White - White British (W1),White,Misuse of Drugs Act 1971 (section 23),Controlled drugs,Nothing found - no further action,,
Person search,2016-05-24T01:31:55+00:00,,,50.945909,-2.742154,Female,over 34,White - White British (W1),White,Misuse of Drugs Act 1971 (section 23),Controlled drugs,Nothing found - no further action,,
Person search,2016-05-24T01:31:55+00:00,,,50.945909,-2.742154,Female,over 34,White - White British (W1),White,Misuse of Drugs Act 1971 (section 23),Controlled drugs,Offender given drugs possession warning,,
Person search,2016-05-24T03:44:23+00:00,,,51.480844,-2.522677,Male,over 34,White - White British (W1),White,Police and Criminal Evidence Act 1984 (section 1),Stolen goods,Nothing found - no further action,,
Person search,2016-05-24T03:44:23+00:00,,,51.480844,-2.522677,Male,over 34,White - White British (W1),White,Police and Criminal Evidence Act 1984 (section 1),Stolen goods,Nothing found - no further action,,
Person search,2016-05-24T03:44:23+00:00,,,51.480844,-2.522677,Male,,White - White British (W1),White,Police and Criminal Evidence Act 1984 (section 1),Stolen goods,Nothing found - no further action,,
Person search,2016-05-24T03:59:31+00:00,,,51.496760,-2.669318,Male,10-17,Mixed - White and Black African (M2),Other,Police and Criminal Evidence Act 1984 (section 1),Stolen goods,Nothing found - no further action,,
Person search,2016-05-24T04:11:58+00:00,,,51.462735,-2.572650,Male,18-24,Black or Black British - African (B2),Black,Misuse of Drugs Act 1971 (section 23),Controlled drugs,Nothing found - no further action,,
Person search,2016-05-24T07:17:50+00:00,,,51.010937,-3.100723,Male,over 34,White - White British (W1),White,Misuse of Drugs Act 1971 (section 23),Controlled drugs,Nothing found - no further action,,
Person search,2016-05-24T07:34:43+00:00,,,51.013992,-3.101950,Female,25-34,White - White British (W1),White,Misuse of Drugs Act 1971 (section 23),Controlled drugs,Nothing found - no further action,,
Person search,2016-05-24T11:52:27+00:00,,,51.020606,-3.107197,Male,over 34,,Black,Misuse of Drugs Act 1971 (section 23),Controlled drugs,Nothing found - no further action,,
Person search,2016-05-24T14:09:18+00:00,,,51.349736,-2.976487,Female,25-34,White - White British (W1),White,Misuse of Drugs Act 1971 (section 23),Controlled drugs,Nothing found - no further action,,
Person search,2016-05-24T17:06:06+00:00,,,51.350977,-2.979701,Female,over 34,White - White British (W1),White,Misuse of Drugs Act 1971 (section 23),Controlled drugs,Nothing found - no further action,,
Person search,2016-05-24T19:11:01+00:00,,,50.948414,-2.647544,Male,25-34,White - White British (W1),White,Misuse of Drugs Act 1971 (section 23),Controlled drugs,Suspect arrested,,
Person search,2016-05-24T19:11:01+00:00,,,50.948414,-2.647544,Male,25-34,White - White British (W1),White,Misuse of Drugs Act 1971 (section 23),Controlled drugs,Nothing found - no further action,,
Person search,2016-05-24T19:11:01+00:00,,,50.948414,-2.647544,Female,25-34,White - White British (W1),White,Misuse of Drugs Act 1971 (section 23),Controlled drugs,Nothing found - no further action,,
Person search,2016-05-24T21:23:24+00:00,,,,,Male,25-34,,,Misuse of Drugs Act 1971 (section 23),Controlled drugs,Offender given drugs possession warning,,
Person search,2016-05-25T06:29:44+00:00,,,51.479257,-2.751818,Male,10-17,Not Stated (NS),White,Misuse of Drugs Act 1971 (section 23),Controlled drugs,Article found - Detailed outcome unavailable,,
Person search,2016-05-25T08:37:52+00:00,,,51.348434,-2.951116,Male,18-24,White - White British (W1),White,Misuse of Drugs Act 1971 (section 23),Controlled drugs,Suspect summonsed to court,,
Person search,2016-05-25T09:06:06+00:00,,,51.479801,-2.528627,Male,18-24,,,Misuse of Drugs Act 1971 (section 23),Controlled drugs,Offender given drugs possession warning,,
Person search,2016-05-25T09:44:16+00:00,,,51.016665,-3.085362,Male,25-34,White - White British (W1),White,Misuse of Drugs Act 1971 (section 23),Controlled drugs,Suspect arrested,,
Person search,2016-05-25T12:57:20+00:00,,,50.948414,-2.647544,Male,18-24,White - White British (W1),White,Misuse of Drugs Act 1971 (section 23),Controlled drugs,Nothing found - no further action,,
Person search,2016-05-25T13:07:09+00:00,,,50.951137,-2.656010,Male,10-17,Asian or Asian British - Bangladeshi (A3),White,Misuse of Drugs Act 1971 (section 23),Controlled drugs,Nothing found - no further action,,
Person search,2016-05-25T19:20:57+00:00,,,51.032253,-3.105150,Male,over 34,Black or Black British - Caribbean (B1),Black,Police and Criminal Evidence Act 1984 (section 1),Stolen goods,Nothing found - no further action,,
Person search,2016-05-26T01:22:17+00:00,,,51.457180,-2.528250,Female,25-34,White - White British (W1),White,Misuse of Drugs Act 1971 (section 23),Controlled drugs,Nothing found - no further action,,
Person search,2016-05-26T04:25:16+00:00,,,51.488985,-2.566339,Female,18-24,Mixed - White and Black Caribbean (M1),Other,Misuse of Drugs Act 1971 (section 23),Controlled drugs,Offender given drugs possession warning,,
Person search,2016-05-26T10:08:10+00:00,,,51.345714,-2.977938,Male,over 34,White - White British (W1),White,Misuse of Drugs Act 1971 (section 23),Controlled drugs,Nothing found - no further action,,
Person search,2016-05-26T14:48:42+00:00,,,51.478978,-2.537689,Male,10-17,White - White British (W1),White,Police and Criminal Evidence Act 1984 (section 1),Offensive weapons,Nothing found - no further action,,
Person search,2016-05-26T15:29:40+00:00,,,51.478978,-2.537689,Female,10-17,Black or Black British - African (B2),Black,Police and Criminal Evidence Act 1984 (section 1),Offensive weapons,Nothing found - no further action,,
Person search,2016-05-26T20:56:54+00:00,,,51.456146,-2.613240,Male,over 34,White - White British (W1),White,Police and Criminal Evidence Act 1984 (section 1),Stolen goods,Nothing found - no further action,,
Person search,2016-05-26T20:56:54+00:00,,,51.456146,-2.613240,Male,over 34,White - White British (W1),White,Police and Criminal Evidence Act 1984 (section 1),Stolen goods,Nothing found - no further action,,
Person search,2016-05-26T20:56:54+00:00,,,51.459747,-2.610669,Male,over 34,White - White British (W1),White,Police and Criminal Evidence Act 1984 (section 1),Stolen goods,Nothing found - no further action,,
Person search,2016-05-26T23:21:19+00:00,,,51.454238,-2.578127,Male,25-34,White - Any other White ethnic background (W9),White,Police and Criminal Evidence Act 1984 (section 1),Article for use in theft,Nothing found - no further action,,
Person search,2016-05-27T03:17:13+00:00,,,51.473197,-2.527715,Male,25-34,Not Stated (NS),Black,Misuse of Drugs Act 1971 (section 23),Controlled drugs,Nothing found - no further action,,
Person search,2016-05-27T10:36:27+00:00,,,51.456109,-2.581605,Male,over 34,Black or Black British - Caribbean (B1),Black,Misuse of Drugs Act 1971 (section 23),Controlled drugs,Nothing found - no further action,,
Person search,2016-05-27T11:12:54+00:00,,,51.509480,-2.615772,Male,over 34,,,Misuse of Drugs Act 1971 (section 23),Controlled drugs,Offender given drugs possession warning,,
Person search,2016-05-27T11:12:54+00:00,,,51.509480,-2.615772,,over 34,,,Misuse of Drugs Act 1971 (section 23),Controlled drugs,Nothing found - no further action,,
Person search,2016-05-27T11:32:54+00:00,,,51.340384,-2.981887,Male,18-24,Black or Black British - African (B2),Black,Misuse of Drugs Act 1971 (section 23),Controlled drugs,Nothing found - no further action,,
Person search,2016-05-27T11:32:54+00:00,,,51.340384,-2.981887,Male,18-24,Black or Black British - African (B2),Black,Misuse of Drugs Act 1971 (section 23),Controlled drugs,Nothing found - no further action,,
Person search,2016-05-27T11:41:19+00:00,,,51.444962,-2.597162,Male,18-24,Black or Black British - African (B2),Black,Misuse of Drugs Act 1971 (section 23),Controlled drugs,Nothing found - no further action,,
Person search,2016-05-27T11:41:19+00:00,,,51.444962,-2.597162,Male,18-24,Black or Black British - African (B2),Black,Misuse of Drugs Act 1971 (section 23),Controlled drugs,Nothing found - no further action,,
Person search,2016-05-27T16:21:07+00:00,,,51.385851,-2.712850,Female,25-34,,,Police and Criminal Evidence Act 1984 (section 1),Offensive weapons,Article found - Detailed outcome unavailable,,
Person search,2016-05-27T21:05:51+00:00,,,51.054383,-2.415675,Male,10-17,White - White British (W1),White,Misuse of Drugs Act 1971 (section 23),Controlled drugs,Local resolution,,
Person search,2016-05-28T00:07:21+00:00,,,51.349796,-2.973616,Male,18-24,White - White British (W1),White,Police and Criminal Evidence Act 1984 (section 1),Stolen goods,Nothing found - no further action,,
Person search,2016-05-28T01:33:10+00:00,,,51.468120,-2.487405,Male,18-24,White - White British (W1),White,Misuse of Drugs Act 1971 (section 23),Controlled drugs,Offender given drugs possession warning,,
Person search,2016-05-28T02:49:19+00:00,,,51.478345,-2.635382,Male,18-24,Mixed - White and Black Caribbean (M1),Other,Misuse of Drugs Act 1971 (section 23),Controlled drugs,Nothing found - no further action,,
Person search,2016-05-28T04:43:02+00:00,,,51.453504,-2.600684,Male,over 34,White - White British (W1),White,Misuse of Drugs Act 1971 (section 23),Controlled drugs,Suspect summonsed to court,,
Person search,2016-05-28T05:48:44+00:00,,,51.464419,-2.586735,Male,25-34,Not Stated (NS),Other,Police and Criminal Evidence Act 1984 (section 1),Offensive weapons,Nothing found - no further action,,
Person search,2016-05-28T14:46:04+00:00,,,50.952133,-2.609841,Male,25-34,White - White British (W1),White,Misuse of Drugs Act 1971 (section 23),Controlled drugs,Suspect arrested,,
Person search,2016-05-28T15:22:47+00:00,,,51.380484,-2.395304,Male,10-17,White - White British (W1),White,Misuse of Drugs Act 1971 (section 23),Controlled drugs,Nothing found - no further action,,
Person search,2016-05-28T20:19:50+00:00,,,51.530354,-2.593897,Male,18-24,Mixed - White and Black Caribbean (M1),Other,Misuse of Drugs Act 1971 (section 23),Controlled drugs,Local resolution,,
Person search,2016-05-28T23:02:44+00:00,,,51.395662,-2.392632,Male,25-34,White - Any other White ethnic background (W9),White,Misuse of Drugs Act 1971 (section 23),Controlled drugs,Offender given drugs possession warning,,
Person search,2016-05-28T23:50:08+00:00,,,51.454875,-2.606877,Male,18-24,White - White British (W1),White,Police and Criminal Evidence Act 1984 (section 1),Article for use in theft,Nothing found - no further action,,
Person search,2016-05-28T23:50:08+00:00,,,51.454875,-2.606877,Male,18-24,White - White British (W1),White,Police and Criminal Evidence Act 1984 (section 1),Article for use in theft,Nothing found - no further action,,
Person search,2016-05-29T00:26:47+00:00,,,51.473994,-2.557471,Male,over 34,White - White British (W1),White,Misuse of Drugs Act 1971 (section 23),Controlled drugs,Nothing found - no further action,,
Person search,2016-05-29T00:47:40+00:00,,,51.464292,-2.752176,Male,18-24,Mixed - White and Asian (M3),Other,Misuse of Drugs Act 1971 (section 23),Controlled drugs,Local resolution,,
Person search,2016-05-29T14:34:22+00:00,,,51.463422,-2.564496,Male,over 34,,White,Police and Criminal Evidence Act 1984 (section 1),Offensive weapons,Nothing found - no further action,,
Person search,2016-05-29T19:03:28+00:00,,,51.020864,-3.070789,Male,over 34,White - White British (W1),White,Misuse of Drugs Act 1971 (section 23),Controlled drugs,Nothing found - no further action,,
Person search,2016-05-29T19:03:28+00:00,,,51.020864,-3.070789,Female,25-34,White - White British (W1),White,Misuse of Drugs Act 1971 (section 23),Controlled drugs,Nothing found - no further action,,
Person search,2016-05-29T22:26:21+00:00,,,51.508848,-2.619625,Male,10-17,Not Stated (NS),White,Police and Criminal Evidence Act 1984 (section 1),Offensive weapons,Offender given drugs possession warning,,
Person search,2016-05-29T23:27:25+00:00,,,51.141312,-2.976971,Male,25-34,White - White British (W1),White,Misuse of Drugs Act 1971 (section 23),Controlled drugs,Nothing found - no further action,,
Person search,2016-05-29T23:27:25+00:00,,,51.141312,-2.976971,Male,18-24,White - White British (W1),White,Misuse of Drugs Act 1971 (section 23),Controlled drugs,Nothing found - no further action,,
Person search,2016-05-30T00:47:17+00:00,,,51.434103,-2.759751,Male,18-24,White - White British (W1),White,Misuse of Drugs Act 1971 (section 23),Controlled drugs,Offender given drugs possession warning,,
Person search,2016-05-30T00:50:21+00:00,,,51.454627,-2.604470,Male,10-17,Asian or Asian British - Any other Asian ethnic background (A9),Asian,Misuse of Drugs Act 1971 (section 23),Controlled drugs,Nothing found - no further action,,
Person search,2016-05-30T00:50:21+00:00,,,51.454627,-2.604470,Male,18-24,Asian or Asian British - Any other Asian ethnic background (A9),Asian,Misuse of Drugs Act 1971 (section 23),Controlled drugs,Nothing found - no further action,,
Person search,2016-05-30T02:12:53+00:00,,,51.437293,-2.533718,Male,25-34,Black or Black British - Any other Black ethnic background (B9),Black,Misuse of Drugs Act 1971 (section 23),Controlled drugs,Offender given drugs possession warning,,
Person search,2016-05-30T03:58:04+00:00,,,51.347261,-2.980024,Male,18-24,White - White British (W1),White,Misuse of Drugs Act 1971 (section 23),Controlled drugs,Local resolution,,
Person search,2016-05-30T03:58:04+00:00,,,51.347261,-2.980024,Male,10-17,White - White British (W1),White,Misuse of Drugs Act 1971 (section 23),Controlled drugs,Local resolution,,
Person search,2016-05-30T09:53:42+00:00,,,51.481619,-2.514233,Male,25-34,White - White British (W1),White,Police and Criminal Evidence Act 1984 (section 1),Stolen goods,Nothing found - no further action,,
Person search,2016-05-30T12:54:04+00:00,,,51.431392,-2.478067,Male,18-24,White - White British (W1),White,Misuse of Drugs Act 1971 (section 23),Controlled drugs,Nothing found - no further action,,
Person search,2016-05-30T12:54:04+00:00,,,51.431392,-2.478067,Male,18-24,White - White British (W1),White,Misuse of Drugs Act 1971 (section 23),Controlled drugs,Nothing found - no further action,,
Person search,2016-05-30T12:54:04+00:00,,,51.431392,-2.478067,Male,18-24,White - White British (W1),White,Misuse of Drugs Act 1971 (section 23),Controlled drugs,Nothing found - no further action,,
Person search,2016-05-30T12:54:04+00:00,,,51.431392,-2.478067,Male,18-24,White - White British (W1),White,Misuse of Drugs Act 1971 (section 23),Controlled drugs,Nothing found - no further action,,
Person search,2016-05-30T22:25:50+00:00,,,51.461746,-2.508252,Male,25-34,Asian or Asian British - Any other Asian ethnic background (A9),Asian,Misuse of Drugs Act 1971 (section 23),Controlled drugs,Nothing found - no further action,,
Person search,2016-05-31T00:35:55+00:00,,,51.017890,-3.104310,Male,18-24,White - White British (W1),White,Misuse of Drugs Act 1971 (section 23),Controlled drugs,Nothing found - no further action,,
Person search,2016-05-31T13:20:06+00:00,,,51.348069,-2.981204,Male,18-24,White - White British (W1),White,Misuse of Drugs Act 1971 (section 23),Controlled drugs,Offender given drugs possession warning,,
Person search,2016-05-31T16:53:27+00:00,,,51.463421,-2.588579,Female,over 34,,,Misuse of Drugs Act 1971 (section 23),Controlled drugs,Nothing found - no further action,,
Person search,2016-05-31T16:53:27+00:00,,,51.463421,-2.588579,Male,over 34,,,Misuse of Drugs Act 1971 (section 23),Controlled drugs,Nothing found - no further action,,
Person search,2016-05-31T16:53:27+00:00,,,51.463421,-2.588579,Female,18-24,,,Misuse of Drugs Act 1971 (section 23),Controlled drugs,Nothing found - no further action,,
Person search,2016-05-31T16:58:57+00:00,,,51.525158,-2.595371,Male,18-24,Asian or Asian British - Any other Asian ethnic background (A9),Asian,Misuse of Drugs Act 1971 (section 23),Controlled drugs,Nothing found - no further action,,
Person search,2016-05-31T16:58:57+00:00,,,51.525158,-2.595371,Male,18-24,Asian or Asian British - Any other Asian ethnic background (A9),Asian,Misuse of Drugs Act 1971 (section 23),Controlled drugs,Nothing found - no further action,,
Person search,2016-05-31T17:17:18+00:00,,,51.463482,-2.587155,Male,25-34,Black or Black British - Caribbean (B1),Black,Misuse of Drugs Act 1971 (section 23),Controlled drugs,Suspect arrested,,
Person search,2016-05-31T17:17:18+00:00,,,51.463482,-2.587155,Female,over 34,White - White British (W1),White,Misuse of Drugs Act 1971 (section 23),Controlled drugs,Nothing found - no further action,,
Person search,2016-05-31T17:17:18+00:00,,,51.463482,-2.587155,Male,over 34,Not Stated (NS),Black,Misuse of Drugs Act 1971 (section 23),Controlled drugs,Nothing found - no further action,,
Person search,2016-05-31T17:17:18+00:00,,,51.463482,-2.587155,Female,18-24,White - White British (W1),White,Misuse of Drugs Act 1971 (section 23),Controlled drugs,Nothing found - no further action,,
Person search,2016-05-31T17:49:16+00:00,,,51.469502,-2.564212,Male,18-24,Black or Black British - African (B2),Black,Misuse of Drugs Act 1971 (section 23),Controlled drugs,Nothing found - no further action,,
Person search,2016-05-31T20:22:15+00:00,,,51.461133,-2.574890,Male,over 34,White - White British (W1),White,Misuse of Drugs Act 1971 (section 23),Controlled drugs,Suspect summonsed to court,,
Person search,2016-05-31T21:10:26+00:00,,,51.461962,-2.546298,Male,10-17,Not Stated (NS),White,Misuse of Drugs Act 1971 (section 23),Controlled drugs,Local resolution,,
