Type,Date,Part of a policing operation,Policing operation,Latitude,Longitude,Gender,Age range,Self-defined ethnicity,Officer-defined ethnicity,Legislation,Object of search,Outcome,Outcome linked to object of search,Removal of more than just outer clothing
Person search,2016-05-01T02:20:00+00:00,,,,,Male,25-34,Not Stated (NS),Black,Police and Criminal Evidence Act 1984 (section 1),Stolen goods,Nothing found - no further action,,
Person search,2016-05-01T02:45:00+00:00,,,,,Male,25-34,White - White British (W1),White,Police and Criminal Evidence Act 1984 (section 1),Offensive weapons,Nothing found - no further action,,
Person search,2016-05-01T03:30:00+00:00,,,,,Male,25-34,White - Any other White ethnic background (W9),White,Police and Criminal Evidence Act 1984 (section 1),Stolen goods,Nothing found - no further action,,
Person search,2016-05-01T03:30:00+00:00,,,,,Male,25-34,Not Stated (NS),White,Police and Criminal Evidence Act 1984 (section 1),Stolen goods,Nothing found - no further action,,
Person search,2016-05-01T16:00:00+00:00,,,,,Male,over 34,White - White British (W1),White,Police and Criminal Evidence Act 1984 (section 1),Article for use in theft,Offender given penalty notice,False,
Person search,2016-05-01T23:45:00+00:00,,,,,Male,18-24,Asian or Asian British - Pakistani (A2),Asian,Police and Criminal Evidence Act 1984 (section 1),Article for use in theft,Nothing found - no further action,,
Person search,2016-05-02T19:40:00+00:00,,,,,Male,18-24,White - White British (W1),White,Misuse of Drugs Act 1971 (section 23),Controlled drugs,Offender given drugs possession warning,True,
Person search,2016-05-02T19:40:00+00:00,,,,,Female,18-24,White - White British (W1),White,Misuse of Drugs Act 1971 (section 23),Controlled drugs,Nothing found - no further action,,
Person search,2016-05-02T22:43:00+00:00,,,,,Female,10-17,Mixed - White and Black Caribbean (M1),,Police and Criminal Evidence Act 1984 (section 1),Offensive weapons,Suspect arrested,,
Person and Vehicle search,2016-05-03T00:10:00+00:00,,,,,Male,25-34,Black or Black British - Caribbean (B1),White,,,Suspect arrested,True,
Person search,2016-05-03T01:20:00+00:00,,,,,Male,over 34,Asian or Asian British - Pakistani (A2),Asian,Police and Criminal Evidence Act 1984 (section 1),Stolen goods,Nothing found - no further action,,
Person and Vehicle search,2016-05-03T01:50:00+00:00,,,,,Male,25-34,White - White British (W1),White,Police and Criminal Evidence Act 1984 (section 1),Article for use in theft,Nothing found - no further action,,
Person and Vehicle search,2016-05-03T02:00:00+00:00,,,,,Male,25-34,White - White British (W1),White,Misuse of Drugs Act 1971 (section 23),Controlled drugs,Nothing found - no further action,,
Person and Vehicle search,2016-05-03T02:30:00+00:00,,,,,Female,25-34,White - Any other White ethnic background (W9),White,Misuse of Drugs Act 1971 (section 23),Controlled drugs,Nothing found - no further action,,
Person search,2016-05-03T12:56:00+00:00,,,,,Male,25-34,White - White British (W1),White,Police and Criminal Evidence Act 1984 (section 1),Stolen goods,Local resolution,True,
Person search,2016-05-03T19:30:00+00:00,,,,,Male,18-24,White - White British (W1),White,Police and Criminal Evidence Act 1984 (section 1),Offensive weapons,Nothing found - no further action,,
Person and Vehicle search,2016-05-03T23:00:00+00:00,,,,,Male,,Not Stated (NS),White,Misuse of Drugs Act 1971 (section 23),Controlled drugs,Nothing found - no further action,,
Person search,2016-05-03T23:35:00+00:00,,,,,Female,25-34,Black or Black British - Caribbean (B1),Black,Misuse of Drugs Act 1971 (section 23),Controlled drugs,Nothing found - no further action,,
Person search,2016-05-04T00:13:00+00:00,,,,,Male,18-24,White - White British (W1),White,Misuse of Drugs Act 1971 (section 23),Controlled drugs,Nothing found - no further action,,
Person and Vehicle search,2016-05-04T02:40:00+00:00,,,,,Male,18-24,Black or Black British - Caribbean (B1),Black,,,Nothing found - no further action,,
Person and Vehicle search,2016-05-04T02:40:00+00:00,,,,,Male,,Not Stated (NS),Black,Misuse of Drugs Act 1971 (section 23),Controlled drugs,Nothing found - no further action,,
Person search,2016-05-04T18:40:00+00:00,,,,,Male,over 34,White - White British (W1),White,Police and Criminal Evidence Act 1984 (section 1),Article for use in theft,Nothing found - no further action,,
Person search,2016-05-04T19:10:00+00:00,,,,,Male,18-24,White - White British (W1),White,,,Nothing found - no further action,,
Person and Vehicle search,2016-05-04T19:50:00+00:00,,,,,Male,over 34,Asian or Asian British - Pakistani (A2),Asian,Misuse of Drugs Act 1971 (section 23),Controlled drugs,Suspect arrested,True,
Person and Vehicle search,2016-05-04T19:55:00+00:00,,,,,Male,18-24,Black or Black British - African (B2),Black,Misuse of Drugs Act 1971 (section 23),Controlled drugs,Nothing found - no further action,,
Person search,2016-05-04T20:10:00+00:00,,,,,Male,18-24,White - White British (W1),White,Misuse of Drugs Act 1971 (section 23),Controlled drugs,Nothing found - no further action,,
Person search,2016-05-04T23:00:00+00:00,,,,,Male,25-34,Not Stated (NS),Asian,Police and Criminal Evidence Act 1984 (section 1),Article for use in theft,Nothing found - no further action,,
Person and Vehicle search,2016-05-05T18:00:00+00:00,,,,,Male,25-34,Asian or Asian British - Any other Asian ethnic background (A9),Asian,Misuse of Drugs Act 1971 (section 23),Controlled drugs,Nothing found - no further action,,
Person and Vehicle search,2016-05-05T18:05:00+00:00,,,,,Male,25-34,Mixed - Any other Mixed ethnic background (M9),Black,Misuse of Drugs Act 1971 (section 23),Controlled drugs,Nothing found - no further action,,
Person and Vehicle search,2016-05-05T19:37:00+00:00,,,,,Male,18-24,White - White British (W1),White,Misuse of Drugs Act 1971 (section 23),Controlled drugs,Suspect arrested,True,
Person search,2016-05-06T16:50:00+00:00,,,,,Male,10-17,White - White British (W1),White,Police and Criminal Evidence Act 1984 (section 1),Offensive weapons,Nothing found - no further action,,
Person search,2016-05-06T22:00:00+00:00,,,,,Male,10-17,White - White British (W1),White,Misuse of Drugs Act 1971 (section 23),Controlled drugs,Nothing found - no further action,,
Person search,2016-05-06T22:05:00+00:00,,,,,Male,10-17,White - White British (W1),White,Misuse of Drugs Act 1971 (section 23),Controlled drugs,Nothing found - no further action,,
Person search,2016-05-06T23:00:00+00:00,,,,,Male,25-34,White - White British (W1),White,Police and Criminal Evidence Act 1984 (section 1),Offensive weapons,Suspect arrested,True,
Person search,2016-05-06T23:45:00+00:00,,,,,Male,10-17,Asian or Asian British - Any other Asian ethnic background (A9),Asian,Police and Criminal Evidence Act 1984 (section 1),Article for use in theft,Nothing found - no further action,,
Person search,2016-05-06T23:45:00+00:00,,,,,Male,18-24,Asian or Asian British - Pakistani (A2),Asian,Police and Criminal Evidence Act 1984 (section 1),Article for use in theft,Nothing found - no further action,,
Person search,2016-05-06T23:48:00+00:00,,,,,Male,10-17,Asian or Asian British - Pakistani (A2),Asian,Police and Criminal Evidence Act 1984 (section 1),Article for use in theft,Nothing found - no further action,,
Person search,2016-05-06T23:50:00+00:00,,,,,Male,18-24,Asian or Asian British - Pakistani (A2),Asian,Police and Criminal Evidence Act 1984 (section 1),Article for use in theft,Nothing found - no further action,,
Person and Vehicle search,2016-05-07T00:35:00+00:00,,,,,Male,over 34,White - White British (W1),White,Misuse of Drugs Act 1971 (section 23),Controlled drugs,Suspect arrested,True,
Person search,2016-05-07T01:44:00+00:00,,,,,Male,25-34,White - White British (W1),White,Police and Criminal Evidence Act 1984 (section 1),Article for use in theft,Offender given drugs possession warning,False,
Person and Vehicle search,2016-05-07T18:35:00+00:00,,,,,Male,25-34,White - White British (W1),White,Misuse of Drugs Act 1971 (section 23),Controlled drugs,Offender given drugs possession warning,True,
Person search,2016-05-07T19:34:00+00:00,,,,,Male,over 34,Not Stated (NS),White,Police and Criminal Evidence Act 1984 (section 1),Stolen goods,Nothing found - no further action,,
Person search,2016-05-07T21:00:00+00:00,,,,,Male,18-24,White - White British (W1),White,Police and Criminal Evidence Act 1984 (section 1),Article for use in theft,Nothing found - no further action,,
Person search,2016-05-07T21:00:00+00:00,,,,,Male,10-17,White - White British (W1),White,Police and Criminal Evidence Act 1984 (section 1),Article for use in theft,Nothing found - no further action,,
Vehicle search,2016-05-07T22:30:00+00:00,,,,,Male,18-24,White - White British (W1),White,Police and Criminal Evidence Act 1984 (section 1),Article for use in theft,Nothing found - no further action,,
Vehicle search,2016-05-07T22:30:00+00:00,,,,,Male,18-24,White - White British (W1),White,Police and Criminal Evidence Act 1984 (section 1),Article for use in theft,Nothing found - no further action,,
Person search,2016-05-07T22:35:00+00:00,,,,,Male,18-24,White - White British (W1),White,Police and Criminal Evidence Act 1984 (section 1),Article for use in theft,Nothing found - no further action,,
Person search,2016-05-08T00:32:00+00:00,,,,,Male,over 34,White - White British (W1),White,Police and Criminal Evidence Act 1984 (section 1),Stolen goods,Nothing found - no further action,,
Person and Vehicle search,2016-05-08T03:27:00+00:00,,,,,Male,over 34,White - White British (W1),White,Misuse of Drugs Act 1971 (section 23),Controlled drugs,Nothing found - no further action,,
Person and Vehicle search,2016-05-08T03:30:00+00:00,,,,,Male,25-34,Mixed - White and Black Caribbean (M1),Black,Misuse of Drugs Act 1971 (section 23),Controlled drugs,Suspect arrested,False,
Person and Vehicle search,2016-05-08T03:50:00+00:00,,,,,Male,18-24,Not Stated (NS),Black,Misuse of Drugs Act 1971 (section 23),Controlled drugs,Suspect arrested,True,
Vehicle search,2016-05-09T13:55:00+00:00,,,,,Male,18-24,White - White British (W1),White,Police and Criminal Evidence Act 1984 (section 1),Article for use in theft,Nothing found - no further action,,
Vehicle search,2016-05-09T13:55:00+00:00,,,,,Male,10-17,White - White British (W1),White,Police and Criminal Evidence Act 1984 (section 1),Stolen goods,Nothing found - no further action,,
Person search,2016-05-09T17:15:00+00:00,,,,,Male,25-34,White - White British (W1),White,Police and Criminal Evidence Act 1984 (section 1),Stolen goods,Suspect arrested,True,
Person search,2016-05-09T23:15:00+00:00,,,,,Male,over 34,Asian or Asian British - Indian (A1),Asian,Police and Criminal Evidence Act 1984 (section 1),Article for use in theft,Nothing found - no further action,,
Person and Vehicle search,2016-05-10T17:40:00+00:00,,,,,Male,18-24,White - Any other White ethnic background (W9),White,Misuse of Drugs Act 1971 (section 23),Controlled drugs,Article found - Detailed outcome unavailable,False,
Person and Vehicle search,2016-05-10T21:49:00+00:00,,,,,Female,18-24,White - White British (W1),White,Misuse of Drugs Act 1971 (section 23),Controlled drugs,Offender cautioned,True,
Person search,2016-05-10T22:40:00+00:00,,,,,Male,25-34,White - White British (W1),White,Misuse of Drugs Act 1971 (section 23),Controlled drugs,Nothing found - no further action,,
Person and Vehicle search,2016-05-11T02:40:00+00:00,,,,,Female,18-24,Asian or Asian British - Pakistani (A2),Asian,Misuse of Drugs Act 1971 (section 23),Controlled drugs,Nothing found - no further action,,
Person and Vehicle search,2016-05-11T02:40:00+00:00,,,,,Male,18-24,Asian or Asian British - Pakistani (A2),Asian,,,Nothing found - no further action,,
Person and Vehicle search,2016-05-11T02:45:00+00:00,,,,,Female,25-34,Asian or Asian British - Indian (A1),Asian,Misuse of Drugs Act 1971 (section 23),Controlled drugs,Nothing found - no further action,,
Person search,2016-05-12T02:00:00+00:00,,,,,Male,18-24,White - Any other White ethnic background (W9),White,Firearms Act 1968 (section 47),Firearms,Nothing found - no further action,,
Person search,2016-05-12T02:15:00+00:00,,,,,Male,10-17,White - White British (W1),White,Firearms Act 1968 (section 47),Firearms,Nothing found - no further action,,
Person search,2016-05-12T09:00:00+00:00,,,,,Male,over 34,White - White British (W1),White,Police and Criminal Evidence Act 1984 (section 1),Stolen goods,Nothing found - no further action,,
Person search,2016-05-12T09:30:00+00:00,,,,,Male,over 34,Not Stated (NS),Asian,Police and Criminal Evidence Act 1984 (section 1),Article for use in theft,Nothing found - no further action,,
Person search,2016-05-12T14:28:00+00:00,,,,,Female,25-34,White - White Irish (W2),White,Police and Criminal Evidence Act 1984 (section 1),Stolen goods,Nothing found - no further action,,
Person search,2016-05-12T14:30:00+00:00,,,,,Male,over 34,Mixed - White and Black Caribbean (M1),Black,Police and Criminal Evidence Act 1984 (section 1),Stolen goods,Nothing found - no further action,,
Person and Vehicle search,2016-05-12T19:40:00+00:00,,,,,Male,18-24,Not Stated (NS),White,Misuse of Drugs Act 1971 (section 23),Controlled drugs,Offender given drugs possession warning,True,
Person and Vehicle search,2016-05-12T19:48:00+00:00,,,,,Male,18-24,Not Stated (NS),Black,Misuse of Drugs Act 1971 (section 23),Controlled drugs,Nothing found - no further action,,
Person search,2016-05-12T20:30:00+00:00,,,,,Male,over 34,White - Any other White ethnic background (W9),White,Police and Criminal Evidence Act 1984 (section 1),Article for use in theft,Suspect arrested,,
Person search,2016-05-12T20:30:00+00:00,,,,,Male,25-34,White - Any other White ethnic background (W9),White,Police and Criminal Evidence Act 1984 (section 1),Article for use in theft,Nothing found - no further action,,
Person search,2016-05-13T23:00:00+00:00,,,,,Male,over 34,Black or Black British - Caribbean (B1),Black,Police and Criminal Evidence Act 1984 (section 1),Offensive weapons,Nothing found - no further action,,
Person search,2016-05-14T00:41:00+00:00,,,,,Male,10-17,White - White British (W1),White,Misuse of Drugs Act 1971 (section 23),Controlled drugs,Nothing found - no further action,,
Person search,2016-05-14T03:04:00+00:00,,,,,Male,25-34,Black or Black British - African (B2),Black,Misuse of Drugs Act 1971 (section 23),Controlled drugs,Suspect arrested,False,
Person search,2016-05-14T09:02:00+00:00,,,,,Male,18-24,White - White British (W1),White,Misuse of Drugs Act 1971 (section 23),Controlled drugs,Offender given drugs possession warning,True,
Person and Vehicle search,2016-05-14T09:03:00+00:00,,,,,Male,18-24,White - White British (W1),White,Misuse of Drugs Act 1971 (section 23),Controlled drugs,Offender given drugs possession warning,True,
Person search,2016-05-14T12:00:00+00:00,,,,,Male,10-17,White - White British (W1),White,Misuse of Drugs Act 1971 (section 23),Controlled drugs,Nothing found - no further action,,
Person and Vehicle search,2016-05-14T23:50:00+00:00,,,,,Male,18-24,White - White British (W1),White,Misuse of Drugs Act 1971 (section 23),Controlled drugs,Offender given drugs possession warning,True,
Person and Vehicle search,2016-05-14T23:50:00+00:00,,,,,Male,18-24,White - White British (W1),White,Misuse of Drugs Act 1971 (section 23),Controlled drugs,Nothing found - no further action,,
Person search,2016-05-15T01:33:00+00:00,,,,,Male,25-34,White - Any other White ethnic background (W9),White,Police and Criminal Evidence Act 1984 (section 1),Article for use in theft,Nothing found - no further action,,
Person search,2016-05-15T02:03:00+00:00,,,,,Male,25-34,White - White British (W1),White,Police and Criminal Evidence Act 1984 (section 1),Offensive weapons,Nothing found - no further action,,
Person and Vehicle search,2016-05-15T15:24:00+00:00,,,,,,,Not Stated (NS),,Misuse of Drugs Act 1971 (section 23),Controlled drugs,Nothing found - no further action,,
Person search,2016-05-15T22:52:00+00:00,,,,,Male,10-17,Not Stated (NS),Asian,Police and Criminal Evidence Act 1984 (section 1),Stolen goods,Nothing found - no further action,,
Person search,2016-05-15T23:00:00+00:00,,,,,Male,18-24,Black or Black British - Caribbean (B1),Black,Misuse of Drugs Act 1971 (section 23),Controlled drugs,Nothing found - no further action,,
Person search,2016-05-16T01:15:00+00:00,,,,,Male,18-24,Mixed - Any other Mixed ethnic background (M9),Black,Misuse of Drugs Act 1971 (section 23),Controlled drugs,Offender cautioned,True,
Person search,2016-05-16T09:50:00+00:00,,,,,Male,25-34,Not Stated (NS),Black,Misuse of Drugs Act 1971 (section 23),Controlled drugs,Nothing found - no further action,,
Person search,2016-05-16T12:35:00+00:00,,,,,Male,10-17,Mixed - White and Black Caribbean (M1),Black,Misuse of Drugs Act 1971 (section 23),Controlled drugs,Suspect arrested,True,
Person search,2016-05-16T12:45:00+00:00,,,,,Male,25-34,Not Stated (NS),Asian,Misuse of Drugs Act 1971 (section 23),Controlled drugs,Offender given drugs possession warning,True,
Person search,2016-05-16T12:45:00+00:00,,,,,Male,18-24,White - White British (W1),White,Misuse of Drugs Act 1971 (section 23),Controlled drugs,Nothing found - no further action,,
Vehicle search,2016-05-16T13:05:00+00:00,,,,,Female,over 34,White - White British (W1),White,Police and Criminal Evidence Act 1984 (section 1),Stolen goods,Nothing found - no further action,,
Person and Vehicle search,2016-05-16T23:00:00+00:00,,,,,Male,18-24,White - White British (W1),White,Misuse of Drugs Act 1971 (section 23),Controlled drugs,Nothing found - no further action,,
Person and Vehicle search,2016-05-16T23:00:00+00:00,,,,,Female,25-34,Black or Black British - Caribbean (B1),Black,Misuse of Drugs Act 1971 (section 23),Controlled drugs,Offender given drugs possession warning,True,
Person search,2016-05-16T23:15:00+00:00,,,,,Male,25-34,White - Any other White ethnic background (W9),,Police and Criminal Evidence Act 1984 (section 1),Stolen goods,Suspect arrested,,
Person search,2016-05-17T00:15:00+00:00,,,,,Male,25-34,White - Any other White ethnic background (W9),White,Police and Criminal Evidence Act 1984 (section 1),Article for use in theft,Suspect arrested,True,
Person and Vehicle search,2016-05-17T01:10:00+00:00,,,,,Male,25-34,Asian or Asian British - Pakistani (A2),Asian,Misuse of Drugs Act 1971 (section 23),Controlled drugs,Nothing found - no further action,,
Person and Vehicle search,2016-05-17T02:05:00+00:00,,,,,Male,18-24,White - White British (W1),White,Misuse of Drugs Act 1971 (section 23),Controlled drugs,Nothing found - no further action,,
Person search,2016-05-17T10:50:00+00:00,,,,,Male,25-34,White - White British (W1),White,,,Nothing found - no further action,,
Person and Vehicle search,2016-05-17T22:30:00+00:00,,,,,Male,over 34,White - White British (W1),White,Police and Criminal Evidence Act 1984 (section 1),Stolen goods,Nothing found - no further action,,
Person search,2016-05-17T23:00:00+00:00,,,,,Male,10-17,White - White British (W1),White,Police and Criminal Evidence Act 1984 (section 1),Offensive weapons,Nothing found - no further action,,
Person search,2016-05-17T23:55:00+00:00,,,,,Male,10-17,White - White British (W1),,Misuse of Drugs Act 1971 (section 23),Controlled drugs,Suspect arrested,,
Person search,2016-05-17T23:55:00+00:00,,,,,Male,10-17,White - White British (W1),White,Misuse of Drugs Act 1971 (section 23),Controlled drugs,Suspect arrested,True,
Person search,2016-05-18T00:00:00+00:00,,,,,,10-17,White - White British (W1),White,Misuse of Drugs Act 1971 (section 23),Controlled drugs,Nothing found - no further action,,
Person search,2016-05-18T00:30:00+00:00,,,,,Male,over 34,White - White British (W1),White,Police and Criminal Evidence Act 1984 (section 1),Offensive weapons,Nothing found - no further action,,
Person and Vehicle search,2016-05-18T12:20:00+00:00,,,,,Male,25-34,White - White British (W1),White,Police and Criminal Evidence Act 1984 (section 1),Article for use in theft,Nothing found - no further action,,
Person search,2016-05-18T12:35:00+00:00,,,,,Male,18-24,White - White British (W1),White,Police and Criminal Evidence Act 1984 (section 1),Article for use in theft,Nothing found - no further action,,
Person and Vehicle search,2016-05-18T12:35:00+00:00,,,,,Male,18-24,White - White British (W1),White,Police and Criminal Evidence Act 1984 (section 1),Article for use in theft,Nothing found - no further action,,
Person search,2016-05-18T18:28:00+00:00,,,,,Male,10-17,White - White British (W1),White,Police and Criminal Evidence Act 1984 (section 1),Offensive weapons,Nothing found - no further action,,
Person search,2016-05-18T20:55:00+00:00,,,,,Male,over 34,White - White British (W1),White,Misuse of Drugs Act 1971 (section 23),Controlled drugs,Nothing found - no further action,,
Person and Vehicle search,2016-05-18T21:00:00+00:00,,,,,Male,over 34,White - White British (W1),White,Police and Criminal Evidence Act 1984 (section 1),Stolen goods,Nothing found - no further action,,
Vehicle search,2016-05-18T23:00:00+00:00,,,,,Male,18-24,White - White British (W1),White,Misuse of Drugs Act 1971 (section 23),Controlled drugs,Nothing found - no further action,,
Person search,2016-05-19T00:50:00+00:00,,,,,Male,10-17,White - White British (W1),White,Misuse of Drugs Act 1971 (section 23),Controlled drugs,Suspect arrested,True,
Person and Vehicle search,2016-05-19T01:05:00+00:00,,,,,Male,over 34,Asian or Asian British - Pakistani (A2),Asian,Police and Criminal Evidence Act 1984 (section 1),Offensive weapons,Nothing found - no further action,,
Person and Vehicle search,2016-05-19T01:05:00+00:00,,,,,Male,over 34,Asian or Asian British - Pakistani (A2),Asian,Police and Criminal Evidence Act 1984 (section 1),Offensive weapons,Nothing found - no further action,,
Person search,2016-05-19T01:53:00+00:00,,,,,Male,over 34,Asian or Asian British - Pakistani (A2),Asian,Police and Criminal Evidence Act 1984 (section 1),Article for use in theft,Nothing found - no further action,,
Person search,2016-05-19T09:10:00+00:00,,,,,Male,over 34,White - White British (W1),White,Misuse of Drugs Act 1971 (section 23),Controlled drugs,Nothing found - no further action,,
Person and Vehicle search,2016-05-19T09:20:00+00:00,,,,,Male,25-34,White - Any other White ethnic background (W9),White,Police and Criminal Evidence Act 1984 (section 1),Article for use in theft,Nothing found - no further action,,
Person and Vehicle search,2016-05-19T09:20:00+00:00,,,,,Male,18-24,White - Any other White ethnic background (W9),White,Police and Criminal Evidence Act 1984 (section 1),Article for use in theft,Nothing found - no further action,,
Person and Vehicle search,2016-05-19T09:20:00+00:00,,,,,Male,25-34,White - Any other White ethnic background (W9),White,Police and Criminal Evidence Act 1984 (section 1),Article for use in theft,Nothing found - no further action,,
Person and Vehicle search,2016-05-19T13:50:00+00:00,,,,,Male,18-24,White - White British (W1),White,Misuse of Drugs Act 1971 (section 23),Controlled drugs,Offender given penalty notice,True,
Person and Vehicle search,2016-05-19T13:55:00+00:00,,,,,Male,18-24,White - White British (W1),White,Misuse of Drugs Act 1971 (section 23),Controlled drugs,Offender given drugs possession warning,True,
Person and Vehicle search,2016-05-19T14:05:00+00:00,,,,,Male,18-24,Mixed - White and Black Caribbean (M1),Black,Misuse of Drugs Act 1971 (section 23),Controlled drugs,Nothing found - no further action,,
Person search,2016-05-19T16:45:00+00:00,,,,,Male,18-24,Asian or Asian British - Bangladeshi (A3),Asian,Misuse of Drugs Act 1971 (section 23),Controlled drugs,Nothing found - no further action,,
Person search,2016-05-19T16:45:00+00:00,,,,,Male,18-24,Asian or Asian British - Bangladeshi (A3),Asian,Misuse of Drugs Act 1971 (section 23),Controlled drugs,Nothing found - no further action,,
Person and Vehicle search,2016-05-19T16:53:00+00:00,,,,,Male,25-34,Not Stated (NS),White,Misuse of Drugs Act 1971 (section 23),Controlled drugs,Nothing found - no further action,,
Person and Vehicle search,2016-05-19T21:40:00+00:00,,,,,Male,18-24,White - White British (W1),White,Misuse of Drugs Act 1971 (section 23),Controlled drugs,Nothing found - no further action,,
Person search,2016-05-20T00:40:00+00:00,,,,,Female,10-17,Not Stated (NS),Black,Misuse of Drugs Act 1971 (section 23),Controlled drugs,Nothing found - no further action,,
Person search,2016-05-20T11:36:00+00:00,,,,,Male,18-24,Not Stated (NS),White,Misuse of Drugs Act 1971 (section 23),Controlled drugs,Nothing found - no further action,,
Person search,2016-05-20T12:13:00+00:00,,,,,Male,18-24,White - White British (W1),White,Misuse of Drugs Act 1971 (section 23),Controlled drugs,Nothing found - no further action,,
Person search,2016-05-20T12:16:00+00:00,,,,,Male,25-34,Not Stated (NS),Asian,Misuse of Drugs Act 1971 (section 23),Controlled drugs,Nothing found - no further action,,
Person search,2016-05-20T20:15:00+00:00,,,,,Male,over 34,White - Any other White ethnic background (W9),White,,,Nothing found - no further action,,
Person and Vehicle search,2016-05-20T20:30:00+00:00,,,,,Male,25-34,Not Stated (NS),Asian,Misuse of Drugs Act 1971 (section 23),Controlled drugs,Offender given drugs possession warning,True,
Person search,2016-05-20T20:33:00+00:00,,,,,Male,25-34,Asian or Asian British - Bangladeshi (A3),Asian,Misuse of Drugs Act 1971 (section 23),Controlled drugs,Nothing found - no further action,,
Person and Vehicle search,2016-05-20T22:12:00+00:00,,,,,Male,25-34,White - White British (W1),White,Misuse of Drugs Act 1971 (section 23),Controlled drugs,Nothing found - no further action,,
Person search,2016-05-20T23:05:00+00:00,,,,,Male,10-17,Not Stated (NS),White,Police and Criminal Evidence Act 1984 (section 1),Article for use in theft,Nothing found - no further action,,
Person and Vehicle search,2016-05-21T01:12:00+00:00,,,,,Male,18-24,Mixed - White and Asian (M3),Asian,Misuse of Drugs Act 1971 (section 23),Controlled drugs,Nothing found - no further action,,
Person and Vehicle search,2016-05-21T01:12:00+00:00,,,,,Male,25-34,Black or Black British - Caribbean (B1),Black,Misuse of Drugs Act 1971 (section 23),Controlled drugs,Nothing found - no further action,,
Person and Vehicle search,2016-05-21T02:18:00+00:00,,,,,Female,25-34,Not Stated (NS),Black,Police and Criminal Evidence Act 1984 (section 1),Stolen goods,Nothing found - no further action,,
Person search,2016-05-21T10:55:00+00:00,,,,,Male,18-24,Black or Black British - Caribbean (B1),Black,Misuse of Drugs Act 1971 (section 23),Controlled drugs,Nothing found - no further action,,
Person search,2016-05-21T14:35:00+00:00,,,,,Male,over 34,White - White British (W1),White,Misuse of Drugs Act 1971 (section 23),Controlled drugs,Offender given drugs possession warning,True,
Person search,2016-05-21T16:00:00+00:00,,,,,Male,18-24,White - White British (W1),White,Misuse of Drugs Act 1971 (section 23),Controlled drugs,Offender given drugs possession warning,True,
Person and Vehicle search,2016-05-21T22:20:00+00:00,,,,,Male,18-24,White - White British (W1),White,Misuse of Drugs Act 1971 (section 23),Controlled drugs,Nothing found - no further action,,
Person search,2016-05-22T17:42:00+00:00,,,,,Male,18-24,White - Any other White ethnic background (W9),White,Police and Criminal Evidence Act 1984 (section 1),Offensive weapons,Offender given drugs possession warning,False,
Person and Vehicle search,2016-05-22T23:49:00+00:00,,,,,Male,18-24,White - White British (W1),White,,,Nothing found - no further action,,
Person search,2016-05-23T20:40:00+00:00,,,,,Male,10-17,White - White Irish (W2),White,Police and Criminal Evidence Act 1984 (section 1),Article for use in theft,Nothing found - no further action,,
Person search,2016-05-23T20:50:00+00:00,,,,,Male,over 34,Not Stated (NS),White,Police and Criminal Evidence Act 1984 (section 1),Offensive weapons,Nothing found - no further action,,
Person and Vehicle search,2016-05-23T23:00:00+00:00,,,,,Male,18-24,Black or Black British - Any other Black ethnic background (B9),Black,Misuse of Drugs Act 1971 (section 23),Controlled drugs,Nothing found - no further action,,
Person search,2016-05-23T23:30:00+00:00,,,,,Male,18-24,Asian or Asian British - Pakistani (A2),Asian,Misuse of Drugs Act 1971 (section 23),Controlled drugs,Nothing found - no further action,,
Person search,2016-05-23T23:35:00+00:00,,,,,Male,25-34,Asian or Asian British - Pakistani (A2),Asian,Misuse of Drugs Act 1971 (section 23),Controlled drugs,Nothing found - no further action,,
Person and Vehicle search,2016-05-24T07:30:00+00:00,,,,,Male,18-24,White - White British (W1),White,Misuse of Drugs Act 1971 (section 23),Controlled drugs,Nothing found - no further action,,
Person search,2016-05-24T09:45:00+00:00,,,,,Male,over 34,White - White British (W1),White,Police and Criminal Evidence Act 1984 (section 1),Stolen goods,Nothing found - no further action,,
Person search,2016-05-24T14:45:00+00:00,,,,,,10-17,Asian or Asian British - Indian (A1),Asian,Police and Criminal Evidence Act 1984 (section 1),Article for use in theft,Nothing found - no further action,,
Person search,2016-05-24T18:50:00+00:00,,,,,Male,18-24,Mixed - White and Asian (M3),Black,Police and Criminal Evidence Act 1984 (section 1),Article for use in theft,Nothing found - no further action,,
Person search,2016-05-24T18:50:00+00:00,,,,,Male,18-24,White - White British (W1),White,Police and Criminal Evidence Act 1984 (section 1),Article for use in theft,Nothing found - no further action,,
Vehicle search,2016-05-24T19:05:00+00:00,,,,,Male,18-24,White - White British (W1),White,Police and Criminal Evidence Act 1984 (section 1),Stolen goods,Offender given drugs possession warning,True,
Person search,2016-05-24T20:10:00+00:00,,,,,Male,over 34,White - White British (W1),White,Misuse of Drugs Act 1971 (section 23),Controlled drugs,Offender given drugs possession warning,True,
Person and Vehicle search,2016-05-24T20:10:00+00:00,,,,,Male,18-24,Asian or Asian British - Pakistani (A2),Asian,Misuse of Drugs Act 1971 (section 23),Controlled drugs,Nothing found - no further action,,
Person and Vehicle search,2016-05-24T20:30:00+00:00,,,,,Female,18-24,Asian or Asian British - Indian (A1),Asian,Misuse of Drugs Act 1971 (section 23),Controlled drugs,Nothing found - no further action,,
Person and Vehicle search,2016-05-24T20:50:00+00:00,,,,,Female,18-24,Asian or Asian British - Indian (A1),Asian,Misuse of Drugs Act 1971 (section 23),Controlled drugs,Nothing found - no further action,,
Person and Vehicle search,2016-05-25T09:20:00+00:00,,,,,Female,18-24,White - White British (W1),White,Misuse of Drugs Act 1971 (section 23),Controlled drugs,Nothing found - no further action,,
Person and Vehicle search,2016-05-25T14:40:00+00:00,,,,,Male,over 34,White - White British (W1),White,Police and Criminal Evidence Act 1984 (section 1),Offensive weapons,Nothing found - no further action,,
Person search,2016-05-25T15:30:00+00:00,,,,,Male,25-34,White - White British (W1),White,Police and Criminal Evidence Act 1984 (section 1),Stolen goods,Article found - Detailed outcome unavailable,True,
Person search,2016-05-25T17:05:00+00:00,,,,,Male,18-24,Asian or Asian British - Pakistani (A2),Asian,Misuse of Drugs Act 1971 (section 23),Controlled drugs,Suspect arrested,,
Person and Vehicle search,2016-05-25T19:10:00+00:00,,,,,Male,18-24,Not Stated (NS),Asian,Misuse of Drugs Act 1971 (section 23),Controlled drugs,Nothing found - no further action,,
Person search,2016-05-25T23:00:00+00:00,,,,,Male,18-24,White - White British (W1),White,Misuse of Drugs Act 1971 (section 23),Controlled drugs,Nothing found - no further action,,
Person search,2016-05-25T23:00:00+00:00,,,,,Female,18-24,White - White British (W1),White,Misuse of Drugs Act 1971 (section 23),Controlled drugs,Nothing found - no further action,,
Person search,2016-05-25T23:00:00+00:00,,,,,Male,18-24,White - White British (W1),White,Misuse of Drugs Act 1971 (section 23),Controlled drugs,Nothing found - no further action,,
Person search,2016-05-25T23:00:00+00:00,,,,,Male,18-24,White - White British (W1),White,Misuse of Drugs Act 1971 (section 23),Controlled drugs,Nothing found - no further action,,
Person and Vehicle search,2016-05-26T07:25:00+00:00,,,,,Male,over 34,Black or Black British - Caribbean (B1),Black,Misuse of Drugs Act 1971 (section 23),Controlled drugs,Offender given penalty notice,True,
Person search,2016-05-26T09:00:00+00:00,,,,,,over 34,White - Any other White ethnic background (W9),White,Misuse of Drugs Act 1971 (section 23),Controlled drugs,Nothing found - no further action,,
Person search,2016-05-26T09:05:00+00:00,,,,,,over 34,White - White British (W1),White,Misuse of Drugs Act 1971 (section 23),Controlled drugs,Nothing found - no further action,,
Vehicle search,2016-05-26T22:50:00+00:00,,,,,Male,over 34,Asian or Asian British - Indian (A1),Asian,Misuse of Drugs Act 1971 (section 23),Controlled drugs,Nothing found - no further action,,
Person and Vehicle search,2016-05-27T15:10:00+00:00,,,,,Male,over 34,Asian or Asian British - Pakistani (A2),Asian,Misuse of Drugs Act 1971 (section 23),Controlled drugs,Offender given penalty notice,True,
Person search,2016-05-27T20:40:00+00:00,,,,,Male,,White - White British (W1),White,Misuse of Drugs Act 1971 (section 23),Controlled drugs,Nothing found - no further action,,
Person search,2016-05-27T22:55:00+00:00,,,,,Male,18-24,White - White British (W1),White,Misuse of Drugs Act 1971 (section 23),Controlled drugs,Nothing found - no further action,,
Person search,2016-05-27T23:00:00+00:00,,,,,Female,18-24,White - White British (W1),,Police and Criminal Evidence Act 1984 (section 1),Offensive weapons,Suspect arrested,,
Person search,2016-05-27T23:00:00+00:00,,,,,Male,10-17,Asian or Asian British - Pakistani (A2),,Police and Criminal Evidence Act 1984 (section 1),Stolen goods,Suspect arrested,,
Person search,2016-05-28T02:51:00+00:00,,,,,Male,25-34,Asian or Asian British - Any other Asian ethnic background (A9),Asian,Misuse of Drugs Act 1971 (section 23),Controlled drugs,Nothing found - no further action,,
Person search,2016-05-28T22:30:00+00:00,,,,,Male,10-17,Not Stated (NS),Asian,Police and Criminal Evidence Act 1984 (section 1),Stolen goods,Nothing found - no further action,,
Person search,2016-05-28T23:13:00+00:00,,,,,Male,18-24,White - White British (W1),White,,,Nothing found - no further action,,
Person search,2016-05-29T00:05:00+00:00,,,,,Male,18-24,White - White British (W1),White,Police and Criminal Evidence Act 1984 (section 1),Article for use in theft,Nothing found - no further action,,
Person search,2016-05-29T16:43:00+00:00,,,,,Male,10-17,White - White British (W1),White,Misuse of Drugs Act 1971 (section 23),Controlled drugs,Nothing found - no further action,,
Person search,2016-05-30T18:25:00+00:00,,,,,Male,10-17,White - White British (W1),White,Misuse of Drugs Act 1971 (section 23),Controlled drugs,Nothing found - no further action,,
Person and Vehicle search,2016-05-30T18:25:00+00:00,,,,,Female,18-24,White - White British (W1),White,Misuse of Drugs Act 1971 (section 23),Controlled drugs,Suspect arrested,True,
