Type,Date,Part of a policing operation,Policing operation,Latitude,Longitude,Gender,Age range,Self-defined ethnicity,Officer-defined ethnicity,Legislation,Object of search,Outcome,Outcome linked to object of search,Removal of more than just outer clothing
Person search,2016-06-01T00:59:34+00:00,,,51.270332,-2.920474,Male,over 34,White - White British (W1),White,Misuse of Drugs Act 1971 (section 23),Controlled drugs,Offender given drugs possession warning,,
Person search,2016-06-01T05:07:45+00:00,,,51.491270,-2.771216,Male,10-17,Mixed - White and Asian (M3),Other,Misuse of Drugs Act 1971 (section 23),Controlled drugs,Nothing found - no further action,,
Person search,2016-06-01T05:07:45+00:00,,,51.491270,-2.771216,Male,18-24,Mixed - White and Asian (M3),Other,Misuse of Drugs Act 1971 (section 23),Controlled drugs,Nothing found - no further action,,
Person search,2016-06-01T05:07:45+00:00,,,51.491270,-2.771216,Male,10-17,White - White British (W1),Other,Misuse of Drugs Act 1971 (section 23),Controlled drugs,Nothing found - no further action,,
Person search,2016-06-01T05:07:45+00:00,,,51.491270,-2.771216,Female,10-17,Asian or Asian British - Any other Asian ethnic background (A9),Other,Misuse of Drugs Act 1971 (section 23),Controlled drugs,Local resolution,,
Person search,2016-06-01T06:34:46+00:00,,,51.454957,-2.565313,Male,over 34,White - White British (W1),White,Police and Criminal Evidence Act 1984 (section 1),Stolen goods,Nothing found - no further action,,
Person search,2016-06-01T06:41:43+00:00,,,51.475247,-2.545262,Male,25-34,White - Any other White ethnic background (W9),White,Police and Criminal Evidence Act 1984 (section 1),Stolen goods,Nothing found - no further action,,
Person search,2016-06-01T06:41:43+00:00,,,51.475247,-2.545262,Male,25-34,White - Any other White ethnic background (W9),White,Police and Criminal Evidence Act 1984 (section 1),Stolen goods,Nothing found - no further action,,
Person search,2016-06-01T11:57:29+00:00,,,51.456751,-2.589860,Male,over 34,White - White British (W1),White,Police and Criminal Evidence Act 1984 (section 1),Stolen goods,Local resolution,,
Person search,2016-06-01T16:41:15+00:00,,,51.461591,-2.527107,Male,25-34,White - White British (W1),White,Misuse of Drugs Act 1971 (section 23),Controlled drugs,Nothing found - no further action,,
Person search,2016-06-01T20:08:04+00:00,,,51.495843,-2.475961,Male,10-17,White - White Irish (W2),White,Misuse of Drugs Act 1971 (section 23),Controlled drugs,Article found - Detailed outcome unavailable,,
Person search,2016-06-01T20:08:04+00:00,,,51.495843,-2.475961,Male,10-17,White - White Irish (W2),White,Misuse of Drugs Act 1971 (section 23),Controlled drugs,Article found - Detailed outcome unavailable,,
Person search,2016-06-01T21:24:40+00:00,,,51.018554,-3.104511,Male,18-24,White - White British (W1),White,Misuse of Drugs Act 1971 (section 23),Controlled drugs,Nothing found - no further action,,
Person search,2016-06-01T21:39:43+00:00,,,51.018554,-3.104511,Male,18-24,White - White British (W1),White,Misuse of Drugs Act 1971 (section 23),Controlled drugs,Nothing found - no further action,,
Person search,2016-06-01T22:00:24+00:00,,,51.460707,-2.575503,Male,over 34,Not Stated (NS),,Police and Criminal Evidence Act 1984 (section 1),Stolen goods,Nothing found - no further action,,
Person search,2016-06-01T22:15:11+00:00,,,51.460707,-2.575503,Male,over 34,White - White British (W1),White,Police and Criminal Evidence Act 1984 (section 1),Stolen goods,Suspect arrested,,
Person search,2016-06-01T23:11:47+00:00,,,51.466241,-2.567353,Male,25-34,Not Stated (NS),Black,Misuse of Drugs Act 1971 (section 23),Controlled drugs,Nothing found - no further action,,
Person search,2016-06-02T02:05:45+00:00,,,51.461732,-2.580971,,,White - White British (W1),White,Police and Criminal Evidence Act 1984 (section 1),Stolen goods,Suspect arrested,,
Person search,2016-06-02T13:48:14+00:00,,,51.484545,-2.437953,Male,18-24,White - White British (W1),White,Misuse of Drugs Act 1971 (section 23),Controlled drugs,Offender given drugs possession warning,,
Person search,2016-06-02T14:36:55+00:00,,,51.209059,-3.595351,Male,18-24,White - White British (W1),White,Misuse of Drugs Act 1971 (section 23),Controlled drugs,Offender given drugs possession warning,,
Person search,2016-06-02T14:37:40+00:00,,,51.466976,-2.567751,Male,25-34,White - White British (W1),White,Misuse of Drugs Act 1971 (section 23),Controlled drugs,Suspect arrested,,
Person search,2016-06-02T14:37:40+00:00,,,51.466976,-2.567751,Male,over 34,Black or Black British - Caribbean (B1),Black,Misuse of Drugs Act 1971 (section 23),Controlled drugs,Nothing found - no further action,,
Person search,2016-06-02T14:37:40+00:00,,,51.466976,-2.567751,Male,10-17,Black or Black British - African (B2),Black,Misuse of Drugs Act 1971 (section 23),Controlled drugs,Nothing found - no further action,,
Person search,2016-06-02T16:42:25+00:00,,,51.525158,-2.595371,Male,over 34,White - White Irish (W2),White,Police and Criminal Evidence Act 1984 (section 1),Stolen goods,Suspect summonsed to court,,
Person search,2016-06-02T19:25:13+00:00,,,51.482128,-2.500529,Female,10-17,White - White British (W1),White,Misuse of Drugs Act 1971 (section 23),Controlled drugs,Nothing found - no further action,,
Person search,2016-06-02T19:25:13+00:00,,,51.482128,-2.500529,Male,10-17,Not Stated (NS),Other,Misuse of Drugs Act 1971 (section 23),Controlled drugs,Local resolution,,
Person search,2016-06-02T19:25:13+00:00,,,51.482128,-2.500529,Female,10-17,White - White British (W1),White,Misuse of Drugs Act 1971 (section 23),Controlled drugs,Nothing found - no further action,,
Person search,2016-06-02T19:25:13+00:00,,,51.482128,-2.500529,Male,10-17,White - White British (W1),White,Misuse of Drugs Act 1971 (section 23),Controlled drugs,Nothing found - no further action,,
Person search,2016-06-02T19:25:13+00:00,,,51.482128,-2.500529,Male,10-17,White - White British (W1),White,Misuse of Drugs Act 1971 (section 23),Controlled drugs,Nothing found - no further action,,
Person search,2016-06-02T19:25:13+00:00,,,51.482128,-2.500529,Male,10-17,Not Stated (NS),,Misuse of Drugs Act 1971 (section 23),Controlled drugs,Nothing found - no further action,,
Person search,2016-06-02T19:25:13+00:00,,,51.482128,-2.500529,Male,10-17,White - White British (W1),White,Misuse of Drugs Act 1971 (section 23),Controlled drugs,Nothing found - no further action,,
Person search,2016-06-02T19:25:13+00:00,,,51.482128,-2.500529,Male,10-17,White - White British (W1),White,Misuse of Drugs Act 1971 (section 23),Controlled drugs,Nothing found - no further action,,
Person search,2016-06-02T19:25:13+00:00,,,51.482128,-2.500529,Male,10-17,White - White British (W1),White,Misuse of Drugs Act 1971 (section 23),Controlled drugs,Nothing found - no further action,,
Person search,2016-06-02T21:16:02+00:00,,,51.330979,-2.961304,Male,10-17,White - White British (W1),White,Misuse of Drugs Act 1971 (section 23),Controlled drugs,Local resolution,,
Person search,2016-06-03T02:12:56+00:00,,,50.947920,-2.637601,Male,18-24,White - Any other White ethnic background (W9),White,Misuse of Drugs Act 1971 (section 23),Controlled drugs,Nothing found - no further action,,
Person search,2016-06-03T02:27:08+00:00,,,51.346814,-2.966718,Male,10-17,Not Stated (NS),Black,Police and Criminal Evidence Act 1984 (section 1),Article for use in theft,Nothing found - no further action,,
Person search,2016-06-03T02:27:08+00:00,,,51.346814,-2.966718,Male,10-17,White - White British (W1),White,Police and Criminal Evidence Act 1984 (section 1),Article for use in theft,Suspect arrested,,
Person search,2016-06-03T11:08:50+00:00,,,51.535574,-2.587606,Male,18-24,White - White British (W1),White,Police and Criminal Evidence Act 1984 (section 1),Stolen goods,Nothing found - no further action,,
Person search,2016-06-03T12:11:31+00:00,,,50.940356,-2.631306,Male,25-34,White - White British (W1),White,Misuse of Drugs Act 1971 (section 23),Controlled drugs,Nothing found - no further action,,
Person search,2016-06-03T13:16:02+00:00,,,51.510263,-2.617281,Male,over 34,White - White British (W1),White,Misuse of Drugs Act 1971 (section 23),Controlled drugs,Nothing found - no further action,,
Person search,2016-06-03T20:00:50+00:00,,,51.530975,-3.068330,Male,10-17,Mixed - White and Black Caribbean (M1),Other,Misuse of Drugs Act 1971 (section 23),Controlled drugs,Local resolution,,
Person search,2016-06-03T20:00:50+00:00,,,51.530975,-3.068330,Male,10-17,Mixed - White and Black Caribbean (M1),Other,Misuse of Drugs Act 1971 (section 23),Controlled drugs,Nothing found - no further action,,
Person search,2016-06-03T20:00:50+00:00,,,51.530975,-3.068330,Male,10-17,White - White British (W1),White,Misuse of Drugs Act 1971 (section 23),Controlled drugs,Nothing found - no further action,,
Person search,2016-06-03T20:00:50+00:00,,,51.530975,-3.068330,Male,,Not Stated (NS),,Misuse of Drugs Act 1971 (section 23),Controlled drugs,Nothing found - no further action,,
Person search,2016-06-03T20:00:50+00:00,,,51.530975,-3.068330,,,,,Misuse of Drugs Act 1971 (section 23),Controlled drugs,Nothing found - no further action,,
Person search,2016-06-03T20:30:29+00:00,,,51.484686,-2.764653,Male,18-24,Not Stated (NS),,Misuse of Drugs Act 1971 (section 23),Controlled drugs,Nothing found - no further action,,
Person search,2016-06-03T21:24:12+00:00,,,51.450880,-2.596865,Male,18-24,White - White British (W1),White,Misuse of Drugs Act 1971 (section 23),Controlled drugs,Nothing found - no further action,,
Person search,2016-06-03T21:24:12+00:00,,,51.450880,-2.596865,Male,18-24,White - White British (W1),White,Misuse of Drugs Act 1971 (section 23),Controlled drugs,Nothing found - no further action,,
Person search,2016-06-03T21:24:18+00:00,,,51.535679,-2.577342,Male,25-34,White - White British (W1),White,Misuse of Drugs Act 1971 (section 23),Controlled drugs,Nothing found - no further action,,
Person search,2016-06-03T21:24:18+00:00,,,51.535679,-2.577342,Male,25-34,White - White British (W1),White,Misuse of Drugs Act 1971 (section 23),Controlled drugs,Nothing found - no further action,,
Person search,2016-06-03T21:24:18+00:00,,,51.535679,-2.577342,Male,25-34,White - White British (W1),White,Misuse of Drugs Act 1971 (section 23),Controlled drugs,Nothing found - no further action,,
Person search,2016-06-03T21:24:18+00:00,,,51.535679,-2.577342,Male,18-24,White - White British (W1),White,Misuse of Drugs Act 1971 (section 23),Controlled drugs,Nothing found - no further action,,
Person search,2016-06-03T21:24:18+00:00,,,51.535679,-2.577342,,over 34,White - White British (W1),White,Misuse of Drugs Act 1971 (section 23),Controlled drugs,Nothing found - no further action,,
Person search,2016-06-03T22:00:04+00:00,,,51.462141,-2.572887,Male,18-24,Not Stated (NS),Other,Misuse of Drugs Act 1971 (section 23),Controlled drugs,Nothing found - no further action,,
Person search,2016-06-03T22:36:36+00:00,,,51.462686,-2.569828,Male,25-34,White - White British (W1),White,Misuse of Drugs Act 1971 (section 23),Controlled drugs,Nothing found - no further action,,
Person search,2016-06-03T22:36:36+00:00,,,51.462465,-2.570833,Male,25-34,White - White British (W1),White,Misuse of Drugs Act 1971 (section 23),Controlled drugs,Nothing found - no further action,,
Person search,2016-06-04T00:40:02+00:00,,,51.462989,-2.590459,Male,over 34,Black or Black British - Caribbean (B1),Other,Misuse of Drugs Act 1971 (section 23),Controlled drugs,Local resolution,,
Person search,2016-06-04T00:53:19+00:00,,,51.463812,-2.537021,Male,18-24,White - White British (W1),White,Misuse of Drugs Act 1971 (section 23),Controlled drugs,Nothing found - no further action,,
Person search,2016-06-04T00:53:19+00:00,,,51.463812,-2.537021,Male,18-24,White - White British (W1),White,Misuse of Drugs Act 1971 (section 23),Controlled drugs,Nothing found - no further action,,
Person search,2016-06-04T00:53:19+00:00,,,51.463812,-2.537021,Male,18-24,White - White British (W1),White,Misuse of Drugs Act 1971 (section 23),Controlled drugs,Nothing found - no further action,,
Person search,2016-06-04T00:53:19+00:00,,,51.463812,-2.537021,Male,18-24,Mixed - Any other Mixed ethnic background (M9),Other,Misuse of Drugs Act 1971 (section 23),Controlled drugs,Nothing found - no further action,,
Person search,2016-06-04T04:02:43+00:00,,,51.453761,-2.598040,Male,18-24,Not Stated (NS),,Misuse of Drugs Act 1971 (section 23),Controlled drugs,Nothing found - no further action,,
Person search,2016-06-04T06:41:53+00:00,,,51.462141,-2.572887,Male,over 34,Black or Black British - Caribbean (B1),Black,Misuse of Drugs Act 1971 (section 23),Controlled drugs,Nothing found - no further action,,
Person search,2016-06-04T07:46:58+00:00,,,51.143058,-2.731961,Male,over 34,White - White British (W1),White,Police and Criminal Evidence Act 1984 (section 1),Offensive weapons,Nothing found - no further action,,
Person search,2016-06-04T12:11:01+00:00,,,50.944250,-2.629680,Male,over 34,White - White British (W1),White,Misuse of Drugs Act 1971 (section 23),Controlled drugs,Nothing found - no further action,,
Person search,2016-06-04T16:33:40+00:00,,,51.506969,-2.560727,Male,,White - White British (W1),White,Misuse of Drugs Act 1971 (section 23),Controlled drugs,Nothing found - no further action,,
Person search,2016-06-04T16:34:16+00:00,,,51.505599,-2.561243,Male,18-24,White - White British (W1),White,Misuse of Drugs Act 1971 (section 23),Controlled drugs,Offender given drugs possession warning,,
Person search,2016-06-04T16:34:16+00:00,,,51.505599,-2.561243,Male,18-24,Not Stated (NS),,Misuse of Drugs Act 1971 (section 23),Controlled drugs,Nothing found - no further action,,
Person search,2016-06-04T17:50:18+00:00,,,51.439074,-2.863810,Male,10-17,White - White British (W1),White,Police and Criminal Evidence Act 1984 (section 1),Offensive weapons,Nothing found - no further action,,
Person search,2016-06-04T19:43:48+00:00,,,51.283928,-2.490857,Male,10-17,White - White British (W1),White,Misuse of Drugs Act 1971 (section 23),Controlled drugs,Local resolution,,
Person search,2016-06-04T20:23:19+00:00,,,51.490239,-2.471999,Male,18-24,Black or Black British - Any other Black ethnic background (B9),Black,Misuse of Drugs Act 1971 (section 23),Controlled drugs,Offender given drugs possession warning,,
Person search,2016-06-04T22:52:35+00:00,,,51.423168,-2.569681,Male,10-17,White - White British (W1),White,Misuse of Drugs Act 1971 (section 23),Controlled drugs,Nothing found - no further action,,
Person search,2016-06-04T22:52:35+00:00,,,51.423168,-2.569681,,,White - White British (W1),White,Misuse of Drugs Act 1971 (section 23),Controlled drugs,Nothing found - no further action,,
Person search,2016-06-04T23:12:02+00:00,,,51.430019,-2.507339,Male,18-24,White - White British (W1),White,Misuse of Drugs Act 1971 (section 23),Controlled drugs,Nothing found - no further action,,
Person search,2016-06-04T23:12:02+00:00,,,51.430019,-2.507339,Male,18-24,White - White British (W1),White,Misuse of Drugs Act 1971 (section 23),Controlled drugs,Offender given penalty notice,,
Person search,2016-06-04T23:12:02+00:00,,,51.430019,-2.507339,Male,18-24,White - White British (W1),White,Misuse of Drugs Act 1971 (section 23),Controlled drugs,Offender given drugs possession warning,,
Person search,2016-06-05T01:12:51+00:00,,,51.430019,-2.507339,Male,18-24,Not Stated (NS),,Misuse of Drugs Act 1971 (section 23),Controlled drugs,Offender given penalty notice,,
Person search,2016-06-05T01:59:49+00:00,,,51.442218,-2.495330,Male,10-17,White - White British (W1),White,Misuse of Drugs Act 1971 (section 23),Controlled drugs,Local resolution,,
Person search,2016-06-05T01:59:49+00:00,,,51.442218,-2.495330,Male,18-24,White - White British (W1),White,Misuse of Drugs Act 1971 (section 23),Controlled drugs,Nothing found - no further action,,
Person search,2016-06-05T01:59:49+00:00,,,51.442218,-2.495330,Male,10-17,White - White British (W1),White,Misuse of Drugs Act 1971 (section 23),Controlled drugs,Nothing found - no further action,,
Person search,2016-06-05T01:59:49+00:00,,,51.442218,-2.495330,Female,18-24,White - White British (W1),White,Misuse of Drugs Act 1971 (section 23),Controlled drugs,Nothing found - no further action,,
Person search,2016-06-05T07:42:33+00:00,,,51.525158,-2.595371,Male,25-34,White - White British (W1),White,Misuse of Drugs Act 1971 (section 23),Controlled drugs,Offender given drugs possession warning,,
Person search,2016-06-05T08:54:11+00:00,,,51.460186,-2.479433,Male,25-34,White - White British (W1),White,Police and Criminal Evidence Act 1984 (section 1),Article for use in theft,Nothing found - no further action,,
Person search,2016-06-05T14:46:31+00:00,,,51.458561,-2.569489,Female,25-34,White - White British (W1),White,Misuse of Drugs Act 1971 (section 23),Controlled drugs,Article found - Detailed outcome unavailable,,
Person search,2016-06-05T17:53:30+00:00,,,51.034034,-3.100287,Female,10-17,White - White British (W1),White,Police and Criminal Evidence Act 1984 (section 1),Stolen goods,Nothing found - no further action,,
Person search,2016-06-05T17:53:30+00:00,,,51.034034,-3.100287,,18-24,White - White British (W1),White,Police and Criminal Evidence Act 1984 (section 1),Stolen goods,Nothing found - no further action,,
Person search,2016-06-05T21:25:03+00:00,,,51.206557,-3.476374,Male,25-34,White - White Irish (W2),White,Misuse of Drugs Act 1971 (section 23),Controlled drugs,Offender given drugs possession warning,,
Person search,2016-06-05T21:55:15+00:00,,,51.282452,-2.768615,Male,18-24,White - White British (W1),White,Misuse of Drugs Act 1971 (section 23),Controlled drugs,Suspect summonsed to court,,
Person search,2016-06-06T00:25:55+00:00,,,51.348069,-2.981204,Female,18-24,White - White British (W1),White,Police and Criminal Evidence Act 1984 (section 1),Stolen goods,Nothing found - no further action,,
Person search,2016-06-06T07:38:58+00:00,,,,,,over 34,Black or Black British - African (B2),Black,Police and Criminal Evidence Act 1984 (section 1),Controlled drugs,Nothing found - no further action,,
Person search,2016-06-06T14:04:56+00:00,,,51.379358,-2.370997,Male,over 34,White - White British (W1),White,Police and Criminal Evidence Act 1984 (section 1),Stolen goods,Nothing found - no further action,,
Person search,2016-06-06T15:13:11+00:00,,,51.502257,-2.678129,Male,25-34,Not Stated (NS),White,Police and Criminal Evidence Act 1984 (section 1),Stolen goods,Nothing found - no further action,,
Person search,2016-06-06T15:13:11+00:00,,,51.505382,-2.637228,Male,25-34,White - White British (W1),White,Police and Criminal Evidence Act 1984 (section 1),Stolen goods,Nothing found - no further action,,
Person search,2016-06-06T15:13:11+00:00,,,51.505382,-2.637228,Male,25-34,White - White British (W1),White,Police and Criminal Evidence Act 1984 (section 1),Stolen goods,Nothing found - no further action,,
Person search,2016-06-06T15:13:11+00:00,,,51.497656,-2.662013,Male,25-34,White - White British (W1),White,Police and Criminal Evidence Act 1984 (section 1),Stolen goods,Nothing found - no further action,,
Person search,2016-06-06T15:13:11+00:00,,,51.505382,-2.637228,Male,18-24,White - White British (W1),White,Police and Criminal Evidence Act 1984 (section 1),Stolen goods,Nothing found - no further action,,
Person search,2016-06-06T15:52:47+00:00,,,51.453319,-2.523169,Male,over 34,White - White British (W1),White,Police and Criminal Evidence Act 1984 (section 1),Stolen goods,Nothing found - no further action,,
Person search,2016-06-06T19:14:28+00:00,,,51.528272,-2.598497,Male,over 34,White - White British (W1),White,Police and Criminal Evidence Act 1984 (section 1),Stolen goods,Local resolution,,
Person search,2016-06-06T21:14:27+00:00,,,51.351621,-2.787076,,18-24,White - White Irish (W2),White,Police and Criminal Evidence Act 1984 (section 1),Stolen goods,Nothing found - no further action,,
Person search,2016-06-07T00:35:40+00:00,,,51.501349,-2.591848,Male,10-17,Not Stated (NS),Black,Police and Criminal Evidence Act 1984 (section 1),Article for use in theft,Nothing found - no further action,,
Person search,2016-06-07T00:35:40+00:00,,,51.501349,-2.591848,Male,10-17,Not Stated (NS),White,Police and Criminal Evidence Act 1984 (section 1),Article for use in theft,Nothing found - no further action,,
Person search,2016-06-07T14:03:02+00:00,,,51.332818,-2.961716,Male,over 34,White - White British (W1),White,Misuse of Drugs Act 1971 (section 23),Controlled drugs,Nothing found - no further action,,
Person search,2016-06-07T14:03:02+00:00,,,51.332818,-2.961716,Male,18-24,White - White British (W1),White,Misuse of Drugs Act 1971 (section 23),Controlled drugs,Nothing found - no further action,,
Person search,2016-06-07T17:13:14+00:00,,,51.460707,-2.575503,Male,25-34,White - White British (W1),White,Police and Criminal Evidence Act 1984 (section 1),Article for use in theft,Suspect arrested,,
Person search,2016-06-07T17:55:17+00:00,,,51.473994,-2.557471,Male,10-17,Not Stated (NS),Black,Misuse of Drugs Act 1971 (section 23),Controlled drugs,Nothing found - no further action,,
Person search,2016-06-07T17:55:17+00:00,,,51.473994,-2.557471,,10-17,,Black,Misuse of Drugs Act 1971 (section 23),Controlled drugs,Nothing found - no further action,,
Person search,2016-06-07T18:39:10+00:00,,,51.461361,-2.509989,Male,10-17,Not Stated (NS),White,Police and Criminal Evidence Act 1984 (section 1),Stolen goods,Nothing found - no further action,,
Person search,2016-06-07T19:38:30+00:00,,,51.443852,-2.599752,Male,18-24,Black or Black British - Any other Black ethnic background (B9),Black,Misuse of Drugs Act 1971 (section 23),Controlled drugs,Offender given drugs possession warning,,
Person search,2016-06-08T00:09:18+00:00,,,51.408578,-2.599765,Male,10-17,White - White British (W1),White,Police and Criminal Evidence Act 1984 (section 1),Article for use in theft,Nothing found - no further action,,
Person search,2016-06-08T07:09:29+00:00,,,51.339808,-2.782639,Male,18-24,White - White British (W1),White,Police and Criminal Evidence Act 1984 (section 1),Stolen goods,Suspect arrested,,
Person search,2016-06-08T07:09:29+00:00,,,51.339808,-2.782639,Male,25-34,White - White British (W1),White,Police and Criminal Evidence Act 1984 (section 1),Stolen goods,Suspect arrested,,
Person search,2016-06-08T07:09:29+00:00,,,51.339808,-2.782639,Female,18-24,White - White British (W1),White,Police and Criminal Evidence Act 1984 (section 1),Stolen goods,Nothing found - no further action,,
Person search,2016-06-08T11:55:55+00:00,,,51.458846,-2.584504,Female,18-24,White - White British (W1),White,Police and Criminal Evidence Act 1984 (section 1),Stolen goods,Nothing found - no further action,,
Person search,2016-06-08T13:49:41+00:00,,,51.382546,-2.360893,Female,over 34,White - White British (W1),White,Police and Criminal Evidence Act 1984 (section 1),Stolen goods,Nothing found - no further action,,
Person search,2016-06-08T15:06:16+00:00,,,51.017311,-3.085548,Male,over 34,White - White British (W1),White,Misuse of Drugs Act 1971 (section 23),Controlled drugs,Nothing found - no further action,,
Person search,2016-06-08T17:10:14+00:00,,,51.511894,-2.628514,Male,18-24,White - White British (W1),White,Misuse of Drugs Act 1971 (section 23),Controlled drugs,Suspect arrested,,
Person search,2016-06-09T00:28:39+00:00,,,51.143055,-2.716408,Male,18-24,White - White British (W1),White,Misuse of Drugs Act 1971 (section 23),Controlled drugs,Nothing found - no further action,,
Person search,2016-06-09T04:42:32+00:00,,,51.448968,-2.582076,Male,25-34,White - White British (W1),White,Police and Criminal Evidence Act 1984 (section 1),Offensive weapons,Nothing found - no further action,,
Person search,2016-06-09T10:53:09+00:00,,,51.478543,-2.536460,Male,10-17,White - White British (W1),White,Misuse of Drugs Act 1971 (section 23),Controlled drugs,Nothing found - no further action,,
Person search,2016-06-09T14:19:46+00:00,,,,,Male,18-24,White - White British (W1),White,Misuse of Drugs Act 1971 (section 23),Controlled drugs,Nothing found - no further action,,
Person search,2016-06-09T14:19:46+00:00,,,,,Male,10-17,White - White British (W1),White,Misuse of Drugs Act 1971 (section 23),Controlled drugs,Nothing found - no further action,,
Person search,2016-06-09T14:19:46+00:00,,,,,Male,18-24,White - White British (W1),White,Misuse of Drugs Act 1971 (section 23),Controlled drugs,Nothing found - no further action,,
Person search,2016-06-09T14:32:58+00:00,,,51.012882,-3.099543,Female,25-34,White - White British (W1),White,Misuse of Drugs Act 1971 (section 23),Controlled drugs,Suspect summonsed to court,,
Person search,2016-06-09T14:32:58+00:00,,,51.015720,-3.093181,Male,over 34,White - White British (W1),White,Misuse of Drugs Act 1971 (section 23),Controlled drugs,Suspect summonsed to court,,
Person search,2016-06-09T14:44:10+00:00,,,51.462812,-2.498893,Male,25-34,White - Any other White ethnic background (W9),White,Misuse of Drugs Act 1971 (section 23),Controlled drugs,Nothing found - no further action,,
Person search,2016-06-09T18:18:59+00:00,,,50.869257,-2.966823,Male,10-17,Not Stated (NS),Black,Misuse of Drugs Act 1971 (section 23),Controlled drugs,Nothing found - no further action,,
Person search,2016-06-10T12:19:27+00:00,,,51.147573,-2.715791,Male,over 34,Not Stated (NS),,Misuse of Drugs Act 1971 (section 23),Controlled drugs,Nothing found - no further action,,
Person search,2016-06-10T13:17:22+00:00,,,51.456751,-2.589860,Male,25-34,Not Stated (NS),Black,Police and Criminal Evidence Act 1984 (section 1),Stolen goods,Local resolution,,
Person search,2016-06-10T14:45:42+00:00,,,51.196851,-3.463755,Male,10-17,White - White British (W1),White,Misuse of Drugs Act 1971 (section 23),Controlled drugs,Nothing found - no further action,,
Person search,2016-06-10T14:52:18+00:00,,,51.457808,-2.590766,Female,10-17,Black or Black British - African (B2),Black,Police and Criminal Evidence Act 1984 (section 1),Stolen goods,Local resolution,,
Person search,2016-06-10T14:52:18+00:00,,,51.457808,-2.590766,Female,10-17,Black or Black British - African (B2),Black,Police and Criminal Evidence Act 1984 (section 1),Stolen goods,Local resolution,,
Person search,2016-06-10T17:47:22+00:00,,,51.026983,-3.067380,Male,over 34,Not Stated (NS),,Misuse of Drugs Act 1971 (section 23),Controlled drugs,Article found - Detailed outcome unavailable,,
Person search,2016-06-10T17:52:11+00:00,,,51.013819,-3.079095,Male,over 34,White - White British (W1),White,Police and Criminal Evidence Act 1984 (section 1),Offensive weapons,Nothing found - no further action,,
Person search,2016-06-10T18:57:57+00:00,,,51.026983,-3.067380,Male,over 34,Not Stated (NS),White,Misuse of Drugs Act 1971 (section 23),Controlled drugs,Article found - Detailed outcome unavailable,,
Person search,2016-06-10T21:35:06+00:00,,,51.282452,-2.768615,Female,18-24,White - White British (W1),White,Misuse of Drugs Act 1971 (section 23),Controlled drugs,Local resolution,,
Person search,2016-06-11T02:38:42+00:00,,,51.404721,-2.628682,Female,25-34,,,Misuse of Drugs Act 1971 (section 23),Controlled drugs,Nothing found - no further action,,
Person search,2016-06-11T03:31:17+00:00,,,51.128002,-3.005771,Male,18-24,Not Stated (NS),Black,Misuse of Drugs Act 1971 (section 23),Controlled drugs,Local resolution,,
Person search,2016-06-11T05:00:35+00:00,,,51.380994,-2.388037,Male,over 34,White - White British (W1),White,Misuse of Drugs Act 1971 (section 23),Controlled drugs,Nothing found - no further action,,
Person search,2016-06-11T14:42:11+00:00,,,51.456751,-2.589860,Female,10-17,White - White British (W1),White,Police and Criminal Evidence Act 1984 (section 1),Stolen goods,Local resolution,,
Person search,2016-06-11T14:54:34+00:00,,,51.481633,-2.642528,Male,over 34,Not Stated (NS),,Police and Criminal Evidence Act 1984 (section 1),Article for use in theft,Article found - Detailed outcome unavailable,,
Person search,2016-06-11T15:48:15+00:00,,,51.481064,-2.588187,Male,18-24,White - Any other White ethnic background (W9),White,Misuse of Drugs Act 1971 (section 23),Controlled drugs,Nothing found - no further action,,
Person search,2016-06-11T15:48:15+00:00,,,51.500139,-2.700457,Male,18-24,Not Stated (NS),White,Misuse of Drugs Act 1971 (section 23),Controlled drugs,Nothing found - no further action,,
Person search,2016-06-11T16:32:30+00:00,,,51.000208,-3.089325,Male,18-24,White - White British (W1),White,Misuse of Drugs Act 1971 (section 23),Controlled drugs,Offender given drugs possession warning,,
Person search,2016-06-11T17:12:56+00:00,,,51.433543,-2.619656,Male,18-24,White - White British (W1),White,Misuse of Drugs Act 1971 (section 23),Controlled drugs,Suspect arrested,,
Person search,2016-06-11T17:12:56+00:00,,,51.433543,-2.619656,Female,25-34,White - White British (W1),White,Misuse of Drugs Act 1971 (section 23),Controlled drugs,Suspect arrested,,
Person search,2016-06-11T17:12:56+00:00,,,51.433543,-2.619656,Female,18-24,White - White Irish (W2),White,Misuse of Drugs Act 1971 (section 23),Controlled drugs,Suspect arrested,,
Person search,2016-06-11T18:11:16+00:00,,,51.520091,-2.432428,Male,10-17,White - White British (W1),White,Misuse of Drugs Act 1971 (section 23),Controlled drugs,Local resolution,,
Person search,2016-06-11T19:06:23+00:00,,,51.383645,-2.363129,Male,over 34,White - White British (W1),White,Misuse of Drugs Act 1971 (section 23),Controlled drugs,Local resolution,,
Person search,2016-06-11T19:06:23+00:00,,,51.383645,-2.363129,Male,,White - White British (W1),White,Misuse of Drugs Act 1971 (section 23),Controlled drugs,Article found - Detailed outcome unavailable,,
Person search,2016-06-11T19:49:16+00:00,,,51.466899,-2.540225,Female,10-17,White - White British (W1),White,Misuse of Drugs Act 1971 (section 23),Controlled drugs,Nothing found - no further action,,
Person search,2016-06-11T19:49:16+00:00,,,51.466899,-2.540225,Male,10-17,White - White British (W1),White,Misuse of Drugs Act 1971 (section 23),Controlled drugs,Nothing found - no further action,,
Person search,2016-06-11T19:49:16+00:00,,,51.466899,-2.540225,Male,10-17,White - White British (W1),White,Misuse of Drugs Act 1971 (section 23),Controlled drugs,Nothing found - no further action,,
Person search,2016-06-11T19:49:16+00:00,,,51.466899,-2.540225,Male,10-17,White - Any other White ethnic background (W9),White,Misuse of Drugs Act 1971 (section 23),Controlled drugs,Local resolution,,
Person search,2016-06-11T20:21:51+00:00,,,51.019233,-3.103971,Male,over 34,Not Stated (NS),White,Police and Criminal Evidence Act 1984 (section 1),Stolen goods,Local resolution,,
Person search,2016-06-11T21:14:08+00:00,,,51.347251,-2.975817,Male,over 34,White - White British (W1),White,Misuse of Drugs Act 1971 (section 23),Controlled drugs,Local resolution,,
Person search,2016-06-11T21:22:41+00:00,,,51.345245,-2.980182,Male,18-24,Not Stated (NS),White,Police and Criminal Evidence Act 1984 (section 1),Offensive weapons,Article found - Detailed outcome unavailable,,
Person search,2016-06-11T23:01:39+00:00,,,,,Male,18-24,Not Stated (NS),,Misuse of Drugs Act 1971 (section 23),Controlled drugs,Article found - Detailed outcome unavailable,,
Person search,2016-06-11T23:02:44+00:00,,,51.520091,-2.432428,Male,10-17,White - White British (W1),White,Misuse of Drugs Act 1971 (section 23),Controlled drugs,Nothing found - no further action,,
Person search,2016-06-11T23:02:44+00:00,,,51.520091,-2.432428,Male,10-17,White - White British (W1),White,Misuse of Drugs Act 1971 (section 23),Controlled drugs,Nothing found - no further action,,
Person search,2016-06-11T23:02:44+00:00,,,51.496927,-2.483477,Male,10-17,White - White British (W1),White,Misuse of Drugs Act 1971 (section 23),Controlled drugs,Nothing found - no further action,,
Person search,2016-06-11T23:19:52+00:00,,,51.455021,-2.603036,Male,18-24,Mixed - Any other Mixed ethnic background (M9),Other,Misuse of Drugs Act 1971 (section 23),Controlled drugs,Suspect arrested,,
Person search,2016-06-11T23:26:52+00:00,,,51.422842,-2.597377,Female,18-24,Mixed - White and Black Caribbean (M1),Black,Misuse of Drugs Act 1971 (section 23),Controlled drugs,Offender given drugs possession warning,,
Person search,2016-06-11T23:30:27+00:00,,,51.423362,-2.599426,Male,18-24,Not Stated (NS),Black,Misuse of Drugs Act 1971 (section 23),Controlled drugs,Offender given drugs possession warning,,
Person search,2016-06-11T23:51:08+00:00,,,51.422842,-2.597377,Female,10-17,White - White British (W1),White,Misuse of Drugs Act 1971 (section 23),Controlled drugs,Nothing found - no further action,,
Person search,2016-06-11T23:51:08+00:00,,,51.422842,-2.597377,Male,18-24,White - White British (W1),White,Misuse of Drugs Act 1971 (section 23),Controlled drugs,Nothing found - no further action,,
Person search,2016-06-11T23:51:08+00:00,,,51.422842,-2.597377,,18-24,Black or Black British - Caribbean (B1),Black,Misuse of Drugs Act 1971 (section 23),Controlled drugs,Nothing found - no further action,,
Person search,2016-06-12T04:29:51+00:00,,,51.546410,-2.406980,Male,18-24,Not Stated (NS),,Misuse of Drugs Act 1971 (section 23),Controlled drugs,Nothing found - no further action,,
Person search,2016-06-12T04:29:51+00:00,,,51.546410,-2.406980,Male,18-24,Not Stated (NS),,Misuse of Drugs Act 1971 (section 23),Controlled drugs,Offender given drugs possession warning,,
Person search,2016-06-12T04:33:22+00:00,,,51.488631,-2.497821,Male,over 34,White - White British (W1),White,Police and Criminal Evidence Act 1984 (section 1),Stolen goods,Nothing found - no further action,,
Person search,2016-06-12T05:12:54+00:00,,,51.475474,-2.506734,Male,18-24,White - White British (W1),White,Police and Criminal Evidence Act 1984 (section 1),Stolen goods,Nothing found - no further action,,
Person search,2016-06-12T06:28:00+00:00,,,51.353098,-2.986281,Male,over 34,White - White British (W1),White,Misuse of Drugs Act 1971 (section 23),Controlled drugs,Nothing found - no further action,,
Person search,2016-06-12T15:16:15+00:00,,,50.951289,-2.648082,Male,25-34,White - White British (W1),White,Misuse of Drugs Act 1971 (section 23),Controlled drugs,Nothing found - no further action,,
Person search,2016-06-12T15:16:15+00:00,,,50.951289,-2.648082,Male,over 34,White - White British (W1),White,Misuse of Drugs Act 1971 (section 23),Controlled drugs,Nothing found - no further action,,
Person search,2016-06-12T17:44:18+00:00,,,51.456751,-2.589860,Female,10-17,White - White British (W1),White,Police and Criminal Evidence Act 1984 (section 1),Stolen goods,Local resolution,,
Person search,2016-06-12T17:44:18+00:00,,,51.456751,-2.589860,Female,10-17,White - White British (W1),White,Police and Criminal Evidence Act 1984 (section 1),Stolen goods,Local resolution,,
Person search,2016-06-12T19:51:45+00:00,,,51.409391,-2.618049,Male,25-34,White - White British (W1),White,Misuse of Drugs Act 1971 (section 23),Controlled drugs,Nothing found - no further action,,
Person search,2016-06-13T03:54:42+00:00,,,51.476586,-2.519763,Male,18-24,White - White British (W1),White,Police and Criminal Evidence Act 1984 (section 1),Stolen goods,Local resolution,,
Person search,2016-06-13T04:16:56+00:00,,,51.476586,-2.519763,Female,10-17,Mixed - White and Black African (M2),Other,Police and Criminal Evidence Act 1984 (section 1),Stolen goods,Nothing found - no further action,,
Person search,2016-06-13T04:27:38+00:00,,,51.470782,-2.485144,Male,over 34,White - White British (W1),White,Police and Criminal Evidence Act 1984 (section 1),Stolen goods,Nothing found - no further action,,
Person search,2016-06-13T06:13:29+00:00,,,51.425692,-2.588525,Male,25-34,White - White British (W1),White,Police and Criminal Evidence Act 1984 (section 1),Stolen goods,Suspect arrested,,
Person search,2016-06-13T14:06:35+00:00,,,50.942159,-2.633765,,25-34,Black or Black British - African (B2),Black,Misuse of Drugs Act 1971 (section 23),Controlled drugs,Nothing found - no further action,,
Person search,2016-06-13T14:06:35+00:00,,,50.942159,-2.633765,Male,18-24,White - White British (W1),White,Misuse of Drugs Act 1971 (section 23),Controlled drugs,Nothing found - no further action,,
Person search,2016-06-13T15:03:22+00:00,,,50.943370,-2.632614,Male,over 34,Not Stated (NS),,Misuse of Drugs Act 1971 (section 23),Controlled drugs,Suspect summonsed to court,,
Person search,2016-06-13T15:20:57+00:00,,,51.458039,-2.576808,Male,18-24,Black or Black British - Caribbean (B1),Black,Misuse of Drugs Act 1971 (section 23),Controlled drugs,Offender given drugs possession warning,,
Person search,2016-06-13T15:20:57+00:00,,,51.458039,-2.576808,Male,18-24,Black or Black British - Caribbean (B1),Black,Misuse of Drugs Act 1971 (section 23),Controlled drugs,Nothing found - no further action,,
Person search,2016-06-13T15:20:57+00:00,,,51.458039,-2.576808,Male,10-17,Not Stated (NS),Other,Misuse of Drugs Act 1971 (section 23),Controlled drugs,Nothing found - no further action,,
Person search,2016-06-13T15:20:57+00:00,,,51.458039,-2.576808,Female,18-24,White - White British (W1),White,Misuse of Drugs Act 1971 (section 23),Controlled drugs,Nothing found - no further action,,
Person search,2016-06-13T22:46:20+00:00,,,51.124788,-3.015561,Male,18-24,White - White British (W1),White,Misuse of Drugs Act 1971 (section 23),Controlled drugs,Nothing found - no further action,,
Person search,2016-06-14T00:47:44+00:00,,,51.331128,-2.714111,Male,18-24,White - Any other White ethnic background (W9),White,Misuse of Drugs Act 1971 (section 23),Controlled drugs,Offender given drugs possession warning,,
Person search,2016-06-14T02:17:41+00:00,,,,,Male,18-24,White - White British (W1),White,Police and Criminal Evidence Act 1984 (section 1),Stolen goods,Nothing found - no further action,,
Person search,2016-06-14T02:25:19+00:00,,,51.456146,-2.613240,Male,10-17,White - White British (W1),White,Police and Criminal Evidence Act 1984 (section 1),Article for use in theft,Nothing found - no further action,,
Person search,2016-06-14T02:25:19+00:00,,,51.456146,-2.613240,Male,10-17,White - White British (W1),White,Police and Criminal Evidence Act 1984 (section 1),Article for use in theft,Nothing found - no further action,,
Person search,2016-06-14T02:33:03+00:00,,,51.467291,-2.558282,Male,18-24,White - White British (W1),White,Police and Criminal Evidence Act 1984 (section 1),Stolen goods,Nothing found - no further action,,
Person search,2016-06-14T10:55:22+00:00,,,51.427500,-2.579372,Male,25-34,Not Stated (NS),White,Misuse of Drugs Act 1971 (section 23),Controlled drugs,Nothing found - no further action,,
Person search,2016-06-14T10:55:22+00:00,,,51.427500,-2.579372,Male,25-34,Not Stated (NS),White,Misuse of Drugs Act 1971 (section 23),Controlled drugs,Nothing found - no further action,,
Person search,2016-06-14T17:28:58+00:00,,,51.298746,-2.457639,Male,25-34,White - White British (W1),White,Misuse of Drugs Act 1971 (section 23),Controlled drugs,Nothing found - no further action,,
Person search,2016-06-14T19:08:00+00:00,,,51.293939,-2.449847,Male,25-34,White - White British (W1),White,Misuse of Drugs Act 1971 (section 23),Controlled drugs,Nothing found - no further action,,
Person search,2016-06-14T19:08:00+00:00,,,51.293939,-2.449847,Female,10-17,White - White British (W1),White,Misuse of Drugs Act 1971 (section 23),Controlled drugs,Nothing found - no further action,,
Person search,2016-06-14T19:54:30+00:00,,,50.951493,-2.648569,Male,25-34,White - White British (W1),White,Police and Criminal Evidence Act 1984 (section 1),Stolen goods,Nothing found - no further action,,
Person search,2016-06-14T20:57:30+00:00,,,51.206592,-3.473555,,25-34,White - White British (W1),White,Misuse of Drugs Act 1971 (section 23),Controlled drugs,Nothing found - no further action,,
Person search,2016-06-14T22:03:41+00:00,,,51.462527,-2.569308,Male,25-34,Not Stated (NS),Black,Police and Criminal Evidence Act 1984 (section 1),Offensive weapons,Nothing found - no further action,,
Person search,2016-06-14T22:09:58+00:00,,,51.462141,-2.572887,Male,25-34,Not Stated (NS),,Police and Criminal Evidence Act 1984 (section 1),Stolen goods,Nothing found - no further action,,
Person search,2016-06-14T22:09:58+00:00,,,51.462141,-2.572887,Male,18-24,Not Stated (NS),,Police and Criminal Evidence Act 1984 (section 1),Stolen goods,Nothing found - no further action,,
Person search,2016-06-14T22:09:58+00:00,,,51.462141,-2.572887,Male,18-24,Not Stated (NS),,Police and Criminal Evidence Act 1984 (section 1),Stolen goods,Nothing found - no further action,,
Person search,2016-06-14T22:11:23+00:00,,,51.462527,-2.569308,Male,25-34,Black or Black British - African (B2),Black,Police and Criminal Evidence Act 1984 (section 1),Offensive weapons,Suspect arrested,,
Person search,2016-06-14T22:46:08+00:00,,,51.462527,-2.569308,Male,18-24,Black or Black British - Any other Black ethnic background (B9),Black,Police and Criminal Evidence Act 1984 (section 1),Offensive weapons,Nothing found - no further action,,
Person search,2016-06-14T23:09:03+00:00,,,51.349328,-2.968293,Male,over 34,White - White British (W1),White,Police and Criminal Evidence Act 1984 (section 1),Article for use in theft,Nothing found - no further action,,
Person search,2016-06-14T23:09:03+00:00,,,51.349328,-2.968293,Male,25-34,White - White British (W1),White,Police and Criminal Evidence Act 1984 (section 1),Article for use in theft,Nothing found - no further action,,
Person search,2016-06-15T00:58:53+00:00,,,51.351251,-2.980325,Male,18-24,White - White British (W1),White,Police and Criminal Evidence Act 1984 (section 1),Stolen goods,Nothing found - no further action,,
Person search,2016-06-15T01:39:03+00:00,,,51.538158,-2.441135,Male,18-24,White - White British (W1),White,Police and Criminal Evidence Act 1984 (section 1),Stolen goods,Nothing found - no further action,,
Person search,2016-06-15T03:23:09+00:00,,,51.453087,-2.576386,Male,over 34,White - White British (W1),White,Police and Criminal Evidence Act 1984 (section 1),Stolen goods,Nothing found - no further action,,
Person search,2016-06-15T04:10:27+00:00,,,51.474129,-2.545897,Male,18-24,Asian or Asian British - Any other Asian ethnic background (A9),Asian,Misuse of Drugs Act 1971 (section 23),Controlled drugs,Nothing found - no further action,,
Person search,2016-06-15T04:38:28+00:00,,,51.462527,-2.569308,Male,18-24,Not Stated (NS),Black,Police and Criminal Evidence Act 1984 (section 1),Offensive weapons,Nothing found - no further action,,
Person search,2016-06-15T11:31:52+00:00,,,51.449989,-2.597084,Male,18-24,White - White British (W1),White,Misuse of Drugs Act 1971 (section 23),Controlled drugs,Article found - Detailed outcome unavailable,,
Person search,2016-06-15T11:48:28+00:00,,,51.207423,-3.458221,Male,25-34,White - White British (W1),White,Misuse of Drugs Act 1971 (section 23),Controlled drugs,Nothing found - no further action,,
Person search,2016-06-15T11:50:01+00:00,,,51.352274,-2.982658,Male,over 34,White - White British (W1),White,Misuse of Drugs Act 1971 (section 23),Controlled drugs,Suspect arrested,,
Person search,2016-06-15T15:08:53+00:00,,,51.458818,-2.590117,Male,25-34,White - Any other White ethnic background (W9),White,Police and Criminal Evidence Act 1984 (section 1),Stolen goods,Nothing found - no further action,,
Person search,2016-06-15T15:08:53+00:00,,,51.458818,-2.590117,Female,18-24,White - Any other White ethnic background (W9),White,Police and Criminal Evidence Act 1984 (section 1),Stolen goods,Nothing found - no further action,,
Person search,2016-06-15T15:08:53+00:00,,,51.458818,-2.590117,Male,18-24,White - Any other White ethnic background (W9),White,Police and Criminal Evidence Act 1984 (section 1),Stolen goods,Nothing found - no further action,,
Person search,2016-06-15T18:55:28+00:00,,,51.460140,-2.586507,Male,25-34,Black or Black British - Any other Black ethnic background (B9),Black,Misuse of Drugs Act 1971 (section 23),Controlled drugs,Offender given drugs possession warning,,
Person search,2016-06-15T18:56:46+00:00,,,51.460642,-2.586787,Male,25-34,White - White British (W1),White,Misuse of Drugs Act 1971 (section 23),Controlled drugs,Offender given drugs possession warning,,
Person search,2016-06-15T20:52:10+00:00,,,50.930871,-2.644170,Male,18-24,White - White British (W1),White,Misuse of Drugs Act 1971 (section 23),Controlled drugs,Nothing found - no further action,,
Person search,2016-06-15T21:10:37+00:00,,,50.929210,-2.651688,Male,25-34,White - White British (W1),White,Misuse of Drugs Act 1971 (section 23),Controlled drugs,Suspect arrested,,
Person search,2016-06-15T23:20:34+00:00,,,51.302931,-2.502937,Male,18-24,White - White British (W1),White,Misuse of Drugs Act 1971 (section 23),Controlled drugs,Suspect arrested,,
Person search,2016-06-15T23:20:34+00:00,,,51.302931,-2.502937,Male,18-24,White - White British (W1),White,Misuse of Drugs Act 1971 (section 23),Controlled drugs,Nothing found - no further action,,
Person search,2016-06-16T02:38:00+00:00,,,51.489552,-2.582751,Female,18-24,White - White British (W1),Black,Misuse of Drugs Act 1971 (section 23),Controlled drugs,Offender given drugs possession warning,,
Person search,2016-06-16T03:21:17+00:00,,,51.463256,-2.510644,Male,25-34,White - White British (W1),White,Police and Criminal Evidence Act 1984 (section 1),Stolen goods,Nothing found - no further action,,
Person search,2016-06-16T03:21:17+00:00,,,51.463256,-2.510644,Male,25-34,White - White British (W1),White,Police and Criminal Evidence Act 1984 (section 1),Stolen goods,Nothing found - no further action,,
Person search,2016-06-16T03:21:17+00:00,,,51.463256,-2.510644,Male,25-34,White - Any other White ethnic background (W9),White,Police and Criminal Evidence Act 1984 (section 1),Stolen goods,Nothing found - no further action,,
Person search,2016-06-16T03:21:17+00:00,,,51.463256,-2.510644,Male,18-24,White - Any other White ethnic background (W9),White,Police and Criminal Evidence Act 1984 (section 1),Stolen goods,Suspect arrested,,
Person search,2016-06-16T06:47:32+00:00,,,51.443956,-2.579163,Male,over 34,White - White British (W1),White,Misuse of Drugs Act 1971 (section 23),Controlled drugs,Local resolution,,
Person search,2016-06-16T06:52:59+00:00,,,51.461566,-2.585417,Male,over 34,Not Stated (NS),Black,Misuse of Drugs Act 1971 (section 23),Controlled drugs,Nothing found - no further action,,
Person search,2016-06-16T10:53:48+00:00,,,51.392719,-2.354045,Female,18-24,White - White British (W1),White,Misuse of Drugs Act 1971 (section 23),Controlled drugs,Nothing found - no further action,,
Person search,2016-06-16T15:24:34+00:00,,,51.135068,-2.947925,Male,25-34,White - White British (W1),White,Misuse of Drugs Act 1971 (section 23),Controlled drugs,Nothing found - no further action,,
Person search,2016-06-16T15:24:34+00:00,,,51.135068,-2.947925,Male,18-24,Not Stated (NS),,Misuse of Drugs Act 1971 (section 23),Controlled drugs,,,
Person search,2016-06-16T15:24:34+00:00,,,51.135068,-2.947925,Male,18-24,Black or Black British - Any other Black ethnic background (B9),Black,Misuse of Drugs Act 1971 (section 23),Controlled drugs,Nothing found - no further action,,
Person search,2016-06-16T20:55:43+00:00,,,50.977962,-2.763832,Male,10-17,White - White British (W1),White,Misuse of Drugs Act 1971 (section 23),Controlled drugs,Local resolution,,
Person search,2016-06-17T01:47:00+00:00,,,51.017022,-3.099157,Male,over 34,White - White British (W1),White,Police and Criminal Evidence Act 1984 (section 1),Article for use in theft,Nothing found - no further action,,
Person search,2016-06-17T01:56:11+00:00,,,51.418361,-2.589150,Male,18-24,Not Stated (NS),,Misuse of Drugs Act 1971 (section 23),Controlled drugs,Suspect arrested,,
Person search,2016-06-17T02:04:23+00:00,,,,,Male,18-24,White - White British (W1),White,Misuse of Drugs Act 1971 (section 23),Controlled drugs,Offender given drugs possession warning,,
Person search,2016-06-17T02:04:23+00:00,,,,,Male,18-24,White - White British (W1),White,Misuse of Drugs Act 1971 (section 23),Controlled drugs,Suspect arrested,,
Person search,2016-06-17T02:16:32+00:00,,,51.418361,-2.589150,Male,18-24,White - White British (W1),White,Misuse of Drugs Act 1971 (section 23),Controlled drugs,Suspect summonsed to court,,
Person search,2016-06-17T02:16:32+00:00,,,51.418361,-2.589150,Male,18-24,White - White British (W1),White,Misuse of Drugs Act 1971 (section 23),Controlled drugs,Nothing found - no further action,,
Person search,2016-06-17T02:16:32+00:00,,,51.418361,-2.589150,Female,18-24,White - White British (W1),White,Misuse of Drugs Act 1971 (section 23),Controlled drugs,Nothing found - no further action,,
Person search,2016-06-17T02:16:32+00:00,,,51.418361,-2.589150,Female,18-24,White - White British (W1),White,Misuse of Drugs Act 1971 (section 23),Controlled drugs,Nothing found - no further action,,
Person search,2016-06-17T03:47:17+00:00,,,51.118614,-2.999552,Male,18-24,White - White British (W1),White,Police and Criminal Evidence Act 1984 (section 1),Stolen goods,Nothing found - no further action,,
Person search,2016-06-17T06:28:54+00:00,,,50.874327,-2.958258,Male,over 34,White - White British (W1),White,Misuse of Drugs Act 1971 (section 23),Controlled drugs,Nothing found - no further action,,
Person search,2016-06-17T10:27:59+00:00,,,51.018110,-3.090557,Male,over 34,White - White British (W1),White,Misuse of Drugs Act 1971 (section 23),Controlled drugs,Nothing found - no further action,,
Person search,2016-06-17T10:27:59+00:00,,,51.018110,-3.090557,Female,over 34,White - White British (W1),White,Misuse of Drugs Act 1971 (section 23),Controlled drugs,Nothing found - no further action,,
Person search,2016-06-17T11:18:00+00:00,,,51.351729,-2.981182,Male,25-34,White - Any other White ethnic background (W9),White,Police and Criminal Evidence Act 1984 (section 1),Offensive weapons,Article found - Detailed outcome unavailable,,
Person search,2016-06-17T15:36:26+00:00,,,51.468392,-2.590601,Female,18-24,Not Stated (NS),Black,Misuse of Drugs Act 1971 (section 23),Controlled drugs,Nothing found - no further action,,
Person search,2016-06-17T19:48:46+00:00,,,51.203692,-3.473219,Male,10-17,White - White British (W1),White,Misuse of Drugs Act 1971 (section 23),Controlled drugs,Local resolution,,
Person search,2016-06-17T22:21:01+00:00,,,51.349770,-2.970184,Male,25-34,,,Police and Criminal Evidence Act 1984 (section 1),Offensive weapons,Nothing found - no further action,,
Person search,2016-06-17T22:35:27+00:00,,,51.453475,-2.499755,Male,25-34,White - White British (W1),White,Misuse of Drugs Act 1971 (section 23),Controlled drugs,Nothing found - no further action,,
Person search,2016-06-17T22:35:27+00:00,,,51.453475,-2.499755,Female,10-17,White - White British (W1),White,Misuse of Drugs Act 1971 (section 23),Controlled drugs,Nothing found - no further action,,
Person search,2016-06-17T22:54:44+00:00,,,51.205395,-3.471556,Male,18-24,White - White British (W1),White,Misuse of Drugs Act 1971 (section 23),Controlled drugs,Nothing found - no further action,,
Person search,2016-06-18T00:50:35+00:00,,,51.346122,-2.978521,Male,25-34,White - Any other White ethnic background (W9),White,Misuse of Drugs Act 1971 (section 23),Controlled drugs,Offender given drugs possession warning,,
Person search,2016-06-18T01:41:45+00:00,,,51.392736,-2.441675,Male,25-34,White - White British (W1),White,Misuse of Drugs Act 1971 (section 23),Controlled drugs,Local resolution,,
Person search,2016-06-18T03:19:47+00:00,,,,,Male,18-24,,,,,,,
Person search,2016-06-18T03:42:24+00:00,,,51.458461,-2.602074,Male,18-24,Not Stated (NS),White,Police and Criminal Evidence Act 1984 (section 1),Stolen goods,Nothing found - no further action,,
Person search,2016-06-18T03:42:24+00:00,,,51.458461,-2.602074,Male,18-24,Not Stated (NS),White,Police and Criminal Evidence Act 1984 (section 1),Stolen goods,Nothing found - no further action,,
Person search,2016-06-18T03:42:24+00:00,,,51.458461,-2.602074,Male,18-24,Not Stated (NS),White,Police and Criminal Evidence Act 1984 (section 1),Stolen goods,Nothing found - no further action,,
Person search,2016-06-18T06:49:31+00:00,,,51.017311,-3.085548,Male,10-17,White - White British (W1),White,Misuse of Drugs Act 1971 (section 23),Controlled drugs,Nothing found - no further action,,
Person search,2016-06-18T06:49:31+00:00,,,51.017311,-3.085548,Male,10-17,Black or Black British - Caribbean (B1),Black,Misuse of Drugs Act 1971 (section 23),Controlled drugs,Nothing found - no further action,,
Person search,2016-06-18T08:26:16+00:00,,,51.419712,-2.572342,Male,18-24,White - White British (W1),White,Misuse of Drugs Act 1971 (section 23),Controlled drugs,Nothing found - no further action,,
Person search,2016-06-18T10:35:29+00:00,,,51.018110,-3.090557,Male,over 34,,,Misuse of Drugs Act 1971 (section 23),Controlled drugs,Nothing found - no further action,,
Person search,2016-06-18T10:35:29+00:00,,,51.018110,-3.090557,Female,over 34,,,Misuse of Drugs Act 1971 (section 23),Controlled drugs,Nothing found - no further action,,
Person search,2016-06-18T15:41:49+00:00,,,51.017204,-3.081540,Male,25-34,White - White British (W1),White,Misuse of Drugs Act 1971 (section 23),Controlled drugs,Nothing found - no further action,,
Person search,2016-06-19T02:49:19+00:00,,,,,Male,25-34,White - Any other White ethnic background (W9),White,Misuse of Drugs Act 1971 (section 23),Controlled drugs,Nothing found - no further action,,
Person search,2016-06-19T15:40:19+00:00,,,50.954765,-2.658495,Male,18-24,White - White British (W1),White,Misuse of Drugs Act 1971 (section 23),Controlled drugs,Suspect arrested,,
Person search,2016-06-19T15:40:19+00:00,,,50.954765,-2.658495,Male,18-24,White - White British (W1),White,Misuse of Drugs Act 1971 (section 23),Controlled drugs,Suspect arrested,,
Person search,2016-06-19T23:02:40+00:00,,,51.450181,-2.850075,Female,18-24,White - White British (W1),White,Misuse of Drugs Act 1971 (section 23),Controlled drugs,Offender given drugs possession warning,,
Person search,2016-06-20T01:33:10+00:00,,,51.466103,-2.569770,Male,10-17,Not Stated (NS),,Misuse of Drugs Act 1971 (section 23),Controlled drugs,Suspect arrested,,
Person search,2016-06-20T01:33:10+00:00,,,51.466103,-2.569770,Male,18-24,Not Stated (NS),Other,Misuse of Drugs Act 1971 (section 23),Controlled drugs,Nothing found - no further action,,
Person search,2016-06-20T01:33:10+00:00,,,51.466103,-2.569770,Male,18-24,Not Stated (NS),,Misuse of Drugs Act 1971 (section 23),Controlled drugs,Nothing found - no further action,,
Person search,2016-06-20T01:33:10+00:00,,,51.466103,-2.569770,Female,18-24,Not Stated (NS),Other,Misuse of Drugs Act 1971 (section 23),Controlled drugs,Nothing found - no further action,,
Person search,2016-06-20T01:33:10+00:00,,,51.466103,-2.569770,Female,18-24,Not Stated (NS),White,Misuse of Drugs Act 1971 (section 23),Controlled drugs,Nothing found - no further action,,
Person search,2016-06-20T02:04:14+00:00,,,51.453504,-2.600684,Male,25-34,White - Any other White ethnic background (W9),White,Misuse of Drugs Act 1971 (section 23),Controlled drugs,Nothing found - no further action,,
Person search,2016-06-20T02:04:14+00:00,,,51.453504,-2.600684,Female,25-34,White - Any other White ethnic background (W9),White,Misuse of Drugs Act 1971 (section 23),Controlled drugs,Offender given drugs possession warning,,
Person search,2016-06-20T07:51:01+00:00,,,,,Male,18-24,White - White British (W1),White,Misuse of Drugs Act 1971 (section 23),Controlled drugs,Nothing found - no further action,,
Person search,2016-06-20T15:25:44+00:00,,,51.383003,-2.400154,,18-24,White - White British (W1),White,Misuse of Drugs Act 1971 (section 23),Controlled drugs,Nothing found - no further action,,
Person search,2016-06-20T20:20:07+00:00,,,51.463421,-2.588579,Male,over 34,White - White British (W1),White,Misuse of Drugs Act 1971 (section 23),Controlled drugs,Nothing found - no further action,,
Person search,2016-06-20T20:37:48+00:00,,,51.554405,-2.491140,Male,18-24,White - White British (W1),White,Misuse of Drugs Act 1971 (section 23),Controlled drugs,Nothing found - no further action,,
Person search,2016-06-20T20:37:48+00:00,,,51.554405,-2.491140,Male,10-17,Mixed - Any other Mixed ethnic background (M9),Black,Misuse of Drugs Act 1971 (section 23),Controlled drugs,Nothing found - no further action,,
Person search,2016-06-20T20:37:48+00:00,,,51.554405,-2.491140,,18-24,White - White British (W1),White,Misuse of Drugs Act 1971 (section 23),Controlled drugs,Nothing found - no further action,,
Person search,2016-06-20T20:37:48+00:00,,,51.554405,-2.491140,Male,10-17,White - White British (W1),White,Misuse of Drugs Act 1971 (section 23),Controlled drugs,Nothing found - no further action,,
Person search,2016-06-21T02:37:23+00:00,,,51.345316,-2.968381,Female,over 34,White - White British (W1),White,Police and Criminal Evidence Act 1984 (section 1),Stolen goods,Nothing found - no further action,,
Person search,2016-06-21T02:37:23+00:00,,,51.345316,-2.968381,Male,over 34,White - White British (W1),White,Police and Criminal Evidence Act 1984 (section 1),Stolen goods,Nothing found - no further action,,
Person search,2016-06-21T12:24:50+00:00,,,51.115174,-3.008478,Male,over 34,White - White British (W1),White,Misuse of Drugs Act 1971 (section 23),Controlled drugs,Suspect summonsed to court,,
Person search,2016-06-21T12:28:23+00:00,,,51.349867,-2.974824,Female,25-34,Not Stated (NS),White,Misuse of Drugs Act 1971 (section 23),Controlled drugs,Suspect arrested,,
Person search,2016-06-21T15:45:54+00:00,,,51.017311,-3.085548,Male,over 34,Not Stated (NS),Black,Misuse of Drugs Act 1971 (section 23),Controlled drugs,Nothing found - no further action,,
Person search,2016-06-21T16:24:36+00:00,,,51.239006,-2.995885,Male,10-17,White - White British (W1),White,Misuse of Drugs Act 1971 (section 23),Controlled drugs,Nothing found - no further action,,
Person search,2016-06-21T16:27:38+00:00,,,51.015266,-3.111746,Male,18-24,White - White British (W1),White,Misuse of Drugs Act 1971 (section 23),Controlled drugs,Nothing found - no further action,,
Person search,2016-06-21T17:05:39+00:00,,,51.239006,-2.995885,Male,18-24,White - White British (W1),White,Misuse of Drugs Act 1971 (section 23),Controlled drugs,Nothing found - no further action,,
Person search,2016-06-21T18:16:12+00:00,,,51.494493,-2.510546,Male,18-24,White - White British (W1),White,Misuse of Drugs Act 1971 (section 23),Controlled drugs,Offender given penalty notice,,
Person search,2016-06-21T18:32:55+00:00,,,51.436949,-2.564832,Male,18-24,White - White British (W1),White,Misuse of Drugs Act 1971 (section 23),Controlled drugs,Offender given drugs possession warning,,
Person search,2016-06-21T19:18:14+00:00,,,51.516200,-2.570669,Male,10-17,White - White British (W1),White,Misuse of Drugs Act 1971 (section 23),Controlled drugs,Nothing found - no further action,,
Person search,2016-06-21T21:03:28+00:00,,,,,Male,10-17,White - White British (W1),White,Misuse of Drugs Act 1971 (section 23),Controlled drugs,Nothing found - no further action,,
Person search,2016-06-22T02:29:51+00:00,,,51.348535,-2.969555,Male,25-34,White - White British (W1),White,Police and Criminal Evidence Act 1984 (section 1),Offensive weapons,Nothing found - no further action,,
Person search,2016-06-22T02:54:45+00:00,,,51.459839,-2.578241,Male,18-24,Not Stated (NS),White,Police and Criminal Evidence Act 1984 (section 1),Stolen goods,Nothing found - no further action,,
Person search,2016-06-22T02:54:45+00:00,,,51.459839,-2.578241,Male,over 34,White - White British (W1),White,Police and Criminal Evidence Act 1984 (section 1),Stolen goods,Suspect arrested,,
Person search,2016-06-22T02:54:45+00:00,,,51.459839,-2.578241,Male,over 34,Not Stated (NS),White,Police and Criminal Evidence Act 1984 (section 1),Stolen goods,Nothing found - no further action,,
Person search,2016-06-22T04:38:24+00:00,,,51.462459,-2.575770,Male,over 34,White - White British (W1),White,Police and Criminal Evidence Act 1984 (section 1),Stolen goods,Nothing found - no further action,,
Person search,2016-06-22T04:42:58+00:00,,,51.428076,-2.586384,Female,over 34,White - Any other White ethnic background (W9),White,Misuse of Drugs Act 1971 (section 23),Controlled drugs,Suspect arrested,,
Person search,2016-06-22T10:59:12+00:00,,,51.347698,-2.928557,Male,25-34,White - White British (W1),White,Police and Criminal Evidence Act 1984 (section 1),Stolen goods,Nothing found - no further action,,
Person search,2016-06-22T11:31:42+00:00,,,51.018110,-3.090557,Male,over 34,White - White British (W1),White,Misuse of Drugs Act 1971 (section 23),Controlled drugs,Nothing found - no further action,,
Person search,2016-06-22T11:31:42+00:00,,,51.018110,-3.090557,Female,over 34,White - White British (W1),White,Misuse of Drugs Act 1971 (section 23),Controlled drugs,Nothing found - no further action,,
Person search,2016-06-22T13:23:05+00:00,,,51.345245,-2.980182,Male,10-17,Black or Black British - Caribbean (B1),Black,Misuse of Drugs Act 1971 (section 23),Controlled drugs,Nothing found - no further action,,
Person search,2016-06-22T13:23:05+00:00,,,51.345245,-2.980182,Male,10-17,White - White British (W1),White,Misuse of Drugs Act 1971 (section 23),Controlled drugs,Nothing found - no further action,,
Person search,2016-06-22T13:23:05+00:00,,,51.345245,-2.980182,Male,10-17,Not Stated (NS),Black,Misuse of Drugs Act 1971 (section 23),Controlled drugs,Nothing found - no further action,,
Person search,2016-06-22T13:35:09+00:00,,,51.286704,-2.480534,Female,25-34,White - White British (W1),White,Police and Criminal Evidence Act 1984 (section 1),Stolen goods,Local resolution,,
Person search,2016-06-22T13:35:09+00:00,,,51.286704,-2.480534,Female,25-34,White - White British (W1),White,Police and Criminal Evidence Act 1984 (section 1),Stolen goods,Local resolution,,
Person search,2016-06-22T13:35:09+00:00,,,51.286704,-2.480534,Male,over 34,White - White British (W1),White,Police and Criminal Evidence Act 1984 (section 1),,Local resolution,,
Person search,2016-06-22T15:33:41+00:00,,,51.014743,-3.097649,Male,25-34,White - White British (W1),White,Misuse of Drugs Act 1971 (section 23),Controlled drugs,Nothing found - no further action,,
Person search,2016-06-22T18:51:06+00:00,,,51.467309,-2.487871,Male,10-17,White - White British (W1),White,Police and Criminal Evidence Act 1984 (section 1),Offensive weapons,Nothing found - no further action,,
Person search,2016-06-22T18:51:06+00:00,,,51.467309,-2.487871,Male,10-17,White - White British (W1),White,Police and Criminal Evidence Act 1984 (section 1),Offensive weapons,Nothing found - no further action,,
Person search,2016-06-22T21:25:22+00:00,,,51.476643,-2.565740,Male,18-24,White - White British (W1),White,Misuse of Drugs Act 1971 (section 23),Controlled drugs,Offender given drugs possession warning,,
Person search,2016-06-22T21:53:04+00:00,,,51.476643,-2.565740,Male,18-24,White - White British (W1),White,Misuse of Drugs Act 1971 (section 23),Controlled drugs,Offender given drugs possession warning,,
Person search,2016-06-23T03:01:29+00:00,,,51.431610,-2.537766,Male,25-34,White - White British (W1),White,Police and Criminal Evidence Act 1984 (section 1),Stolen goods,Nothing found - no further action,,
Person search,2016-06-23T03:01:29+00:00,,,51.431610,-2.537766,Male,18-24,White - White British (W1),White,Police and Criminal Evidence Act 1984 (section 1),Stolen goods,Nothing found - no further action,,
Person search,2016-06-23T03:47:59+00:00,,,51.423794,-2.597461,Male,10-17,White - White British (W1),White,Misuse of Drugs Act 1971 (section 23),Controlled drugs,Nothing found - no further action,,
Person search,2016-06-23T03:47:59+00:00,,,51.423794,-2.597461,Male,10-17,White - White British (W1),White,Misuse of Drugs Act 1971 (section 23),Controlled drugs,Nothing found - no further action,,
Person search,2016-06-23T07:07:23+00:00,,,51.161158,-3.319484,Male,18-24,Not Stated (NS),,Misuse of Drugs Act 1971 (section 23),Controlled drugs,Nothing found - no further action,,
Person search,2016-06-23T15:10:11+00:00,,,51.456751,-2.589860,Female,18-24,White - White British (W1),White,Police and Criminal Evidence Act 1984 (section 1),Stolen goods,Local resolution,,
Person search,2016-06-23T15:47:49+00:00,,,51.160536,-2.582012,,18-24,White - White British (W1),White,Misuse of Drugs Act 1971 (section 23),Controlled drugs,Nothing found - no further action,,
Person search,2016-06-23T16:44:59+00:00,,,51.160536,-2.582012,,18-24,White - White British (W1),White,Misuse of Drugs Act 1971 (section 23),Controlled drugs,Article found - Detailed outcome unavailable,,
Person search,2016-06-23T16:56:25+00:00,,,51.012682,-3.102604,Male,25-34,Not Stated (NS),,Misuse of Drugs Act 1971 (section 23),Controlled drugs,Offender given drugs possession warning,,
Person search,2016-06-23T21:18:22+00:00,,,51.126455,-2.988947,Female,25-34,White - White British (W1),White,Misuse of Drugs Act 1971 (section 23),Controlled drugs,Nothing found - no further action,,
Person search,2016-06-23T21:18:22+00:00,,,51.126455,-2.988947,Male,25-34,Not Stated (NS),Other,Misuse of Drugs Act 1971 (section 23),Controlled drugs,Nothing found - no further action,,
Person search,2016-06-23T21:18:22+00:00,,,51.126455,-2.988947,Male,10-17,Not Stated (NS),Black,Misuse of Drugs Act 1971 (section 23),Controlled drugs,Nothing found - no further action,,
Person search,2016-06-23T21:18:22+00:00,,,51.126455,-2.988947,Male,18-24,Not Stated (NS),Black,Misuse of Drugs Act 1971 (section 23),Controlled drugs,Nothing found - no further action,,
Person search,2016-06-24T00:05:25+00:00,,,51.381408,-2.374146,Male,18-24,White - White British (W1),White,Police and Criminal Evidence Act 1984 (section 1),Stolen goods,Nothing found - no further action,,
Person search,2016-06-24T08:58:23+00:00,,,51.160536,-2.582012,Male,25-34,Not Stated (NS),,Misuse of Drugs Act 1971 (section 23),Controlled drugs,Offender given drugs possession warning,,
Person search,2016-06-24T21:08:32+00:00,,,51.133884,-2.990920,Male,18-24,White - White British (W1),White,Misuse of Drugs Act 1971 (section 23),Controlled drugs,Nothing found - no further action,,
Person search,2016-06-24T21:53:51+00:00,,,51.432582,-2.758618,Male,over 34,Not Stated (NS),White,Misuse of Drugs Act 1971 (section 23),Controlled drugs,Nothing found - no further action,,
Person search,2016-06-24T22:26:11+00:00,,,51.432582,-2.758618,Female,18-24,White - White British (W1),White,Misuse of Drugs Act 1971 (section 23),Controlled drugs,Nothing found - no further action,,
Person search,2016-06-24T23:28:21+00:00,,,51.454085,-2.599742,Male,25-34,White - White British (W1),White,Misuse of Drugs Act 1971 (section 23),Controlled drugs,Suspect arrested,,
Person search,2016-06-25T00:38:13+00:00,,,51.285351,-2.483760,Male,18-24,White - White British (W1),White,Misuse of Drugs Act 1971 (section 23),Controlled drugs,Nothing found - no further action,,
Person search,2016-06-25T00:38:13+00:00,,,51.285351,-2.483760,Male,18-24,White - White British (W1),White,Misuse of Drugs Act 1971 (section 23),Controlled drugs,Nothing found - no further action,,
Person search,2016-06-25T00:38:13+00:00,,,51.285351,-2.483760,Male,18-24,White - White British (W1),White,Misuse of Drugs Act 1971 (section 23),Controlled drugs,Nothing found - no further action,,
Person search,2016-06-25T01:05:35+00:00,,,51.488708,-2.490188,Female,10-17,White - White British (W1),White,Misuse of Drugs Act 1971 (section 23),Controlled drugs,Local resolution,,
Person search,2016-06-25T02:37:12+00:00,,,51.432210,-2.613208,Male,over 34,White - White British (W1),White,Misuse of Drugs Act 1971 (section 23),Controlled drugs,Nothing found - no further action,,
Person search,2016-06-25T02:37:12+00:00,,,51.432210,-2.613208,Female,25-34,White - White British (W1),White,Misuse of Drugs Act 1971 (section 23),Controlled drugs,Nothing found - no further action,,
Person search,2016-06-25T08:54:22+00:00,,,51.160536,-2.582012,Male,25-34,White - White British (W1),White,Misuse of Drugs Act 1971 (section 23),Controlled drugs,Nothing found - no further action,,
Person search,2016-06-25T11:59:44+00:00,,,51.159709,-2.605039,,25-34,Mixed - White and Black African (M2),Other,Misuse of Drugs Act 1971 (section 23),Controlled drugs,Nothing found - no further action,,
Person search,2016-06-25T11:59:44+00:00,,,51.159709,-2.605039,Male,25-34,Black or Black British - Any other Black ethnic background (B9),Black,Misuse of Drugs Act 1971 (section 23),Controlled drugs,Suspect arrested,,
Person search,2016-06-25T11:59:44+00:00,,,51.159709,-2.605039,Male,over 34,Black or Black British - African (B2),Black,Misuse of Drugs Act 1971 (section 23),Controlled drugs,Nothing found - no further action,,
Person search,2016-06-25T12:37:04+00:00,,,51.350731,-2.980141,Female,18-24,White - White British (W1),White,Police and Criminal Evidence Act 1984 (section 1),Offensive weapons,Nothing found - no further action,,
Person search,2016-06-25T13:18:04+00:00,,,51.338131,-2.967368,Male,over 34,White - White British (W1),White,Misuse of Drugs Act 1971 (section 23),Controlled drugs,Suspect arrested,,
Person search,2016-06-25T13:55:54+00:00,,,51.341745,-2.978327,Male,25-34,White - White British (W1),White,Misuse of Drugs Act 1971 (section 23),Controlled drugs,Nothing found - no further action,,
Person search,2016-06-25T14:15:27+00:00,,,51.525158,-2.595371,Male,over 34,White - White British (W1),White,Police and Criminal Evidence Act 1984 (section 1),Stolen goods,Suspect summonsed to court,,
Person search,2016-06-25T22:25:41+00:00,,,51.350268,-2.979557,Male,18-24,Black or Black British - African (B2),Black,Misuse of Drugs Act 1971 (section 23),Controlled drugs,Suspect arrested,,
Person search,2016-06-25T23:36:38+00:00,,,51.442806,-2.614213,Male,10-17,White - White British (W1),White,Misuse of Drugs Act 1971 (section 23),Controlled drugs,Nothing found - no further action,,
Person search,2016-06-26T00:06:19+00:00,,,50.951493,-2.648569,Male,10-17,Not Stated (NS),,Police and Criminal Evidence Act 1984 (section 1),Stolen goods,Nothing found - no further action,,
Person search,2016-06-26T01:24:27+00:00,,,51.418912,-2.497437,Male,over 34,White - White British (W1),White,Police and Criminal Evidence Act 1984 (section 1),Stolen goods,Nothing found - no further action,,
Person search,2016-06-26T03:25:00+00:00,,,51.127445,-2.983480,Male,18-24,Not Stated (NS),Black,Misuse of Drugs Act 1971 (section 23),Controlled drugs,Suspect arrested,,
Person search,2016-06-26T03:25:00+00:00,,,51.127445,-2.983480,Male,18-24,Not Stated (NS),Black,Misuse of Drugs Act 1971 (section 23),Controlled drugs,Suspect arrested,,
Person search,2016-06-26T03:48:58+00:00,,,51.452197,-2.594263,Male,over 34,White - Any other White ethnic background (W9),White,Misuse of Drugs Act 1971 (section 23),Controlled drugs,Nothing found - no further action,,
Person search,2016-06-26T05:14:22+00:00,,,51.160536,-2.582012,,18-24,Mixed - White and Black African (M2),Other,Misuse of Drugs Act 1971 (section 23),Controlled drugs,Suspect arrested,,
Person search,2016-06-26T06:59:58+00:00,,,51.160536,-2.582012,Male,18-24,Not Stated (NS),,,,,,
Person search,2016-06-26T07:12:16+00:00,,,51.160536,-2.582012,Male,18-24,,,,,,,
Person search,2016-06-26T08:58:50+00:00,,,51.408650,-2.504356,Male,25-34,Not Stated (NS),Black,Misuse of Drugs Act 1971 (section 23),Controlled drugs,Nothing found - no further action,,
Person search,2016-06-26T10:07:01+00:00,,,51.433406,-2.588596,Male,over 34,White - White British (W1),White,Misuse of Drugs Act 1971 (section 23),Controlled drugs,Nothing found - no further action,,
Person search,2016-06-26T14:05:14+00:00,,,51.501901,-2.605211,Male,10-17,White - White British (W1),White,Misuse of Drugs Act 1971 (section 23),Controlled drugs,Nothing found - no further action,,
Person search,2016-06-26T14:05:14+00:00,,,51.501901,-2.605211,Male,10-17,White - White British (W1),White,Misuse of Drugs Act 1971 (section 23),Controlled drugs,Nothing found - no further action,,
Person search,2016-06-26T14:32:56+00:00,,,51.355170,-2.966392,Male,25-34,White - White British (W1),White,Misuse of Drugs Act 1971 (section 23),Controlled drugs,Offender given drugs possession warning,,
Person search,2016-06-26T17:13:07+00:00,,,51.506980,-2.634412,Male,18-24,White - White British (W1),White,Misuse of Drugs Act 1971 (section 23),Controlled drugs,Nothing found - no further action,,
Person search,2016-06-26T18:37:37+00:00,,,51.456568,-2.606366,,18-24,Not Stated (NS),Other,Misuse of Drugs Act 1971 (section 23),Controlled drugs,Nothing found - no further action,,
Person search,2016-06-26T21:29:47+00:00,,,51.407768,-2.578332,Male,18-24,White - White British (W1),White,Misuse of Drugs Act 1971 (section 23),Controlled drugs,Nothing found - no further action,,
Person search,2016-06-26T22:42:39+00:00,,,51.015099,-3.075817,Male,18-24,White - White British (W1),White,Firearms Act 1968 (section 47),Firearms,Suspect arrested,,
Person search,2016-06-26T22:42:39+00:00,,,51.015099,-3.075817,Male,18-24,White - White British (W1),White,Firearms Act 1968 (section 47),Firearms,Suspect arrested,,
Person search,2016-06-26T22:47:09+00:00,,,51.288901,-2.477789,Female,25-34,White - White British (W1),White,Police and Criminal Evidence Act 1984 (section 1),Offensive weapons,Nothing found - no further action,,
Person search,2016-06-26T22:47:09+00:00,,,51.288901,-2.477789,Female,25-34,White - White British (W1),White,Police and Criminal Evidence Act 1984 (section 1),Offensive weapons,Nothing found - no further action,,
Person search,2016-06-26T22:47:09+00:00,,,51.288901,-2.477789,Male,25-34,White - White British (W1),White,Police and Criminal Evidence Act 1984 (section 1),Offensive weapons,Nothing found - no further action,,
Person search,2016-06-26T22:47:09+00:00,,,51.288901,-2.477789,Male,18-24,White - White British (W1),White,Police and Criminal Evidence Act 1984 (section 1),Offensive weapons,Nothing found - no further action,,
Person search,2016-06-27T06:24:33+00:00,,,51.160536,-2.582012,Male,25-34,White - White British (W1),White,Police and Criminal Evidence Act 1984 (section 1),Offensive weapons,Nothing found - no further action,,
Person search,2016-06-27T13:10:51+00:00,,,51.346856,-2.964910,Male,25-34,White - White British (W1),White,Misuse of Drugs Act 1971 (section 23),Controlled drugs,Nothing found - no further action,,
Person search,2016-06-27T13:10:51+00:00,,,51.346856,-2.964910,Male,25-34,White - White British (W1),White,Misuse of Drugs Act 1971 (section 23),Controlled drugs,Nothing found - no further action,,
Person search,2016-06-27T13:18:16+00:00,,,50.944859,-2.623354,Male,over 34,White - White British (W1),White,Misuse of Drugs Act 1971 (section 23),Controlled drugs,Article found - Detailed outcome unavailable,,
Person search,2016-06-27T13:54:29+00:00,,,51.160536,-2.582012,Male,25-34,Not Stated (NS),,Misuse of Drugs Act 1971 (section 23),Controlled drugs,,,
Person search,2016-06-27T13:54:29+00:00,,,51.160536,-2.582012,,,White - White British (W1),White,Misuse of Drugs Act 1971 (section 23),Controlled drugs,Nothing found - no further action,,
Person search,2016-06-27T19:32:39+00:00,,,51.030139,-3.097570,Male,18-24,White - Any other White ethnic background (W9),White,Misuse of Drugs Act 1971 (section 23),Controlled drugs,Nothing found - no further action,,
Person search,2016-06-27T19:32:39+00:00,,,51.030139,-3.097570,Male,18-24,White - Any other White ethnic background (W9),White,Misuse of Drugs Act 1971 (section 23),Controlled drugs,Nothing found - no further action,,
Person search,2016-06-27T20:22:49+00:00,,,51.208829,-2.646023,Male,25-34,White - White British (W1),White,Police and Criminal Evidence Act 1984 (section 1),Article for use in theft,Nothing found - no further action,,
Person search,2016-06-28T00:53:18+00:00,,,50.944424,-2.635746,Male,over 34,White - White British (W1),White,Police and Criminal Evidence Act 1984 (section 1),Stolen goods,Suspect arrested,,
Person search,2016-06-28T03:34:52+00:00,,,51.345503,-2.974100,Male,10-17,White - White British (W1),White,Police and Criminal Evidence Act 1984 (section 1),Articles for use in criminal damage,Nothing found - no further action,,
Person search,2016-06-28T05:20:18+00:00,,,51.223966,-2.983789,Male,10-17,Black or Black British - Any other Black ethnic background (B9),Black,Police and Criminal Evidence Act 1984 (section 1),Stolen goods,Local resolution,,
Person search,2016-06-28T14:35:41+00:00,,,50.872514,-2.958988,Male,25-34,Not Stated (NS),White,Misuse of Drugs Act 1971 (section 23),Controlled drugs,Nothing found - no further action,,
Person search,2016-06-28T18:34:52+00:00,,,51.341276,-2.967693,Male,18-24,Not Stated (NS),Black,Misuse of Drugs Act 1971 (section 23),Controlled drugs,Suspect arrested,,
Person search,2016-06-28T19:18:55+00:00,,,51.341276,-2.967693,Female,over 34,Not Stated (NS),White,Misuse of Drugs Act 1971 (section 23),Controlled drugs,Nothing found - no further action,,
Person search,2016-06-29T01:28:00+00:00,,,51.494768,-2.626176,Male,10-17,White - White British (W1),White,Police and Criminal Evidence Act 1984 (section 1),,Nothing found - no further action,,
Person search,2016-06-29T10:07:51+00:00,,,51.149474,-3.061968,Male,25-34,White - White British (W1),White,Police and Criminal Evidence Act 1984 (section 1),Stolen goods,Nothing found - no further action,,
Person search,2016-06-29T10:07:51+00:00,,,51.149474,-3.061968,Male,18-24,White - White British (W1),White,Police and Criminal Evidence Act 1984 (section 1),Stolen goods,Nothing found - no further action,,
Person search,2016-06-29T10:07:51+00:00,,,51.149474,-3.061968,Female,18-24,Not Stated (NS),,Police and Criminal Evidence Act 1984 (section 1),Stolen goods,Nothing found - no further action,,
Person search,2016-06-29T10:07:51+00:00,,,51.149474,-3.061968,Male,18-24,White - White British (W1),White,Police and Criminal Evidence Act 1984 (section 1),Stolen goods,Nothing found - no further action,,
Person search,2016-06-29T14:09:36+00:00,,,51.332880,-2.962952,Male,10-17,White - White British (W1),White,Misuse of Drugs Act 1971 (section 23),Controlled drugs,Nothing found - no further action,,
Person search,2016-06-29T17:40:10+00:00,,,51.452697,-2.560291,Male,25-34,Not Stated (NS),White,Misuse of Drugs Act 1971 (section 23),Controlled drugs,Nothing found - no further action,,
Person search,2016-06-29T17:40:10+00:00,,,51.452697,-2.560291,Male,25-34,Not Stated (NS),Black,Misuse of Drugs Act 1971 (section 23),Controlled drugs,Nothing found - no further action,,
Person search,2016-06-29T17:40:10+00:00,,,51.452697,-2.560291,Male,18-24,Not Stated (NS),White,Misuse of Drugs Act 1971 (section 23),Controlled drugs,Nothing found - no further action,,
Person search,2016-06-29T17:52:57+00:00,,,51.449885,-2.514812,Male,10-17,Not Stated (NS),White,Police and Criminal Evidence Act 1984 (section 1),Article for use in theft,Nothing found - no further action,,
Person search,2016-06-29T17:52:57+00:00,,,51.449885,-2.514812,Male,10-17,Not Stated (NS),Other,Police and Criminal Evidence Act 1984 (section 1),Article for use in theft,Nothing found - no further action,,
Person search,2016-06-29T18:28:32+00:00,,,51.466173,-2.604262,Male,over 34,Not Stated (NS),Black,Misuse of Drugs Act 1971 (section 23),Controlled drugs,Suspect arrested,,
Person search,2016-06-29T18:28:32+00:00,,,51.466173,-2.604262,Female,over 34,Not Stated (NS),,Misuse of Drugs Act 1971 (section 23),Controlled drugs,Nothing found - no further action,,
Person search,2016-06-29T19:06:42+00:00,,,51.466336,-2.521777,Female,25-34,White - White British (W1),White,Police and Criminal Evidence Act 1984 (section 1),Stolen goods,Nothing found - no further action,,
Person search,2016-06-30T01:02:46+00:00,,,51.365203,-2.391107,Male,25-34,White - White British (W1),White,Police and Criminal Evidence Act 1984 (section 1),Stolen goods,Suspect arrested,,
Person search,2016-06-30T04:25:17+00:00,,,51.456109,-2.581605,Male,10-17,Black or Black British - Caribbean (B1),Black,Misuse of Drugs Act 1971 (section 23),Controlled drugs,Offender given drugs possession warning,,
Person search,2016-06-30T10:11:32+00:00,,,51.010897,-3.086724,Male,25-34,White - White British (W1),White,Misuse of Drugs Act 1971 (section 23),Controlled drugs,Nothing found - no further action,,
Person search,2016-06-30T10:19:08+00:00,,,51.015589,-3.088858,Male,over 34,White - White British (W1),White,Misuse of Drugs Act 1971 (section 23),Controlled drugs,Nothing found - no further action,,
Person search,2016-06-30T12:19:11+00:00,,,51.456109,-2.581605,Male,25-34,White - White British (W1),White,Police and Criminal Evidence Act 1984 (section 1),Stolen goods,Nothing found - no further action,,
Person search,2016-06-30T13:56:25+00:00,,,51.466085,-2.579011,Male,25-34,Mixed - White and Black Caribbean (M1),Other,Misuse of Drugs Act 1971 (section 23),Controlled drugs,Suspect summonsed to court,,
Person search,2016-06-30T19:14:39+00:00,,,51.025264,-3.102389,Female,25-34,White - White British (W1),White,Misuse of Drugs Act 1971 (section 23),Controlled drugs,Nothing found - no further action,,
Person search,2016-06-30T22:23:03+00:00,,,51.126455,-2.988947,Male,18-24,Not Stated (NS),,Misuse of Drugs Act 1971 (section 23),Controlled drugs,Nothing found - no further action,,
Person search,2016-06-30T22:23:03+00:00,,,51.126455,-2.988947,Male,18-24,Black or Black British - African (B2),Black,Misuse of Drugs Act 1971 (section 23),Controlled drugs,Nothing found - no further action,,
